,fecha,fix,inpc,tasa_obj
0,2018-01-01,,5.936162,7.25
1,2018-01-02,19.4899,5.937773,7.25
2,2018-01-03,19.3717,5.939385,7.25
3,2018-01-04,19.2427,5.940997,7.25
4,2018-01-05,19.2737,5.942609,7.25
5,2018-01-06,,5.944222,7.25
6,2018-01-07,,5.945836,7.25
7,2018-01-08,19.2323,5.947449,7.25
8,2018-01-09,19.3065,5.949064,7.25
9,2018-01-10,19.2405,5.950678,7.25
10,2018-01-11,19.3433,5.95177,7.25
11,2018-01-12,19.0446,5.952862,7.25
12,2018-01-13,,5.953955,7.25
13,2018-01-14,,5.955047,7.25
14,2018-01-15,18.8113,5.95614,7.25
15,2018-01-16,18.8362,5.957233,7.25
16,2018-01-17,18.655,5.958326,7.25
17,2018-01-18,18.6361,5.959419,7.25
18,2018-01-19,18.5813,5.960512,7.25
19,2018-01-20,,5.961606,7.25
20,2018-01-21,,5.9627,7.25
21,2018-01-22,18.7118,5.963794,7.25
22,2018-01-23,18.798,5.964888,7.25
23,2018-01-24,18.5178,5.965983,7.25
24,2018-01-25,18.478,5.967077,7.25
25,2018-01-26,18.4672,5.967965,7.25
26,2018-01-27,,5.968852,7.25
27,2018-01-28,,5.96974,7.25
28,2018-01-29,18.6196,5.970627,7.25
29,2018-01-30,18.6982,5.971515,7.25
30,2018-01-31,18.6069,5.972403,7.25
31,2018-02-01,18.4004,5.973291,7.25
32,2018-02-02,18.5248,5.974179,7.25
33,2018-02-03,,5.975068,7.25
34,2018-02-04,,5.975956,7.25
35,2018-02-05,,5.976845,7.25
36,2018-02-06,18.7009,5.977733,7.25
37,2018-02-07,18.6492,5.978622,7.25
38,2018-02-08,18.8815,5.979511,7.5
39,2018-02-09,18.8623,5.9804,7.5
40,2018-02-10,,5.98129,7.5
41,2018-02-11,,5.982521,7.5
42,2018-02-12,18.6703,5.983752,7.5
43,2018-02-13,18.6269,5.984984,7.5
44,2018-02-14,18.6025,5.986216,7.5
45,2018-02-15,18.5159,5.987448,7.5
46,2018-02-16,18.4797,5.988681,7.5
47,2018-02-17,,5.989913,7.5
48,2018-02-18,,5.991146,7.5
49,2018-02-19,18.536,5.992379,7.5
50,2018-02-20,18.6594,5.993613,7.5
51,2018-02-21,18.6518,5.994847,7.5
52,2018-02-22,18.6574,5.996081,7.5
53,2018-02-23,18.5659,5.997315,7.5
54,2018-02-24,,5.998549,7.5
55,2018-02-25,,5.999784,7.5
56,2018-02-26,18.6456,6.000729,7.5
57,2018-02-27,18.7902,6.001675,7.5
58,2018-02-28,18.8331,6.00262,7.5
59,2018-03-01,18.861,6.003566,7.5
60,2018-03-02,18.8909,6.004512,7.5
61,2018-03-03,,6.005458,7.5
62,2018-03-04,,6.006404,7.5
63,2018-03-05,18.8838,6.00735,7.5
64,2018-03-06,18.7246,6.008296,7.5
65,2018-03-07,18.7922,6.009243,7.5
66,2018-03-08,18.7148,6.010189,7.5
67,2018-03-09,18.5812,6.011136,7.5
68,2018-03-10,,6.012083,7.5
69,2018-03-11,,6.012256,7.5
70,2018-03-12,18.6199,6.012429,7.5
71,2018-03-13,18.5604,6.012603,7.5
72,2018-03-14,18.5854,6.012776,7.5
73,2018-03-15,18.7023,6.012949,7.5
74,2018-03-16,18.7216,6.013122,7.5
75,2018-03-17,,6.013295,7.5
76,2018-03-18,,6.013468,7.5
77,2018-03-19,,6.013641,7.5
78,2018-03-20,18.7614,6.013814,7.5
79,2018-03-21,18.6001,6.013987,7.5
80,2018-03-22,18.5078,6.01416,7.5
81,2018-03-23,18.5364,6.014334,7.5
82,2018-03-24,,6.014507,7.5
83,2018-03-25,,6.01468,7.5
84,2018-03-26,18.3268,6.015786,7.5
85,2018-03-27,18.3445,6.016892,7.5
86,2018-03-28,18.2709,6.017998,7.5
87,2018-03-29,,6.019105,7.5
88,2018-03-30,,6.020212,7.5
89,2018-03-31,,6.021319,7.5
90,2018-04-01,,6.022426,7.5
91,2018-04-02,18.2967,6.023533,7.5
92,2018-04-03,18.2044,6.024641,7.5
93,2018-04-04,18.2244,6.025749,7.5
94,2018-04-05,18.1081,6.026857,7.5
95,2018-04-06,18.2888,6.027965,7.5
96,2018-04-07,,6.029073,7.5
97,2018-04-08,,6.030182,7.5
98,2018-04-09,18.2753,6.031291,7.5
99,2018-04-10,18.2882,6.0324,7.5
100,2018-04-11,18.2018,6.032451,7.5
101,2018-04-12,18.1353,6.032503,7.5
102,2018-04-13,18.087,6.032555,7.5
103,2018-04-14,,6.032606,7.5
104,2018-04-15,,6.032658,7.5
105,2018-04-16,18.0394,6.03271,7.5
106,2018-04-17,17.9787,6.032761,7.5
107,2018-04-18,18.0333,6.032813,7.5
108,2018-04-19,18.2819,6.032864,7.5
109,2018-04-20,18.621,6.032916,7.5
110,2018-04-21,,6.032968,7.5
111,2018-04-22,,6.033019,7.5
112,2018-04-23,18.8628,6.033071,7.5
113,2018-04-24,18.8139,6.033123,7.5
114,2018-04-25,19.053,6.033174,7.5
115,2018-04-26,18.8644,6.031781,7.5
116,2018-04-27,18.6847,6.030388,7.5
117,2018-04-28,,6.028996,7.5
118,2018-04-29,,6.027604,7.5
119,2018-04-30,18.7878,6.026212,7.5
120,2018-05-01,,6.02482,7.5
121,2018-05-02,19.0943,6.023429,7.5
122,2018-05-03,19.1223,6.022038,7.5
123,2018-05-04,19.2017,6.020648,7.5
124,2018-05-05,,6.019257,7.5
125,2018-05-06,,6.017867,7.5
126,2018-05-07,19.4232,6.016478,7.5
127,2018-05-08,19.5781,6.015089,7.5
128,2018-05-09,19.5387,6.0137,7.5
129,2018-05-10,19.2989,6.012311,7.5
130,2018-05-11,19.3539,6.01232,7.5
131,2018-05-12,,6.012329,7.5
132,2018-05-13,,6.012338,7.5
133,2018-05-14,19.5214,6.012348,7.5
134,2018-05-15,19.7854,6.012357,7.5
135,2018-05-16,19.7094,6.012366,7.5
136,2018-05-17,19.7033,6.012375,7.5
137,2018-05-18,19.9319,6.012384,7.5
138,2018-05-19,,6.012393,7.5
139,2018-05-20,,6.012402,7.5
140,2018-05-21,19.9054,6.012411,7.5
141,2018-05-22,19.7528,6.01242,7.5
142,2018-05-23,19.7661,6.012429,7.5
143,2018-05-24,19.7048,6.012439,7.5
144,2018-05-25,19.5608,6.012448,7.5
145,2018-05-26,,6.011353,7.5
146,2018-05-27,,6.010258,7.5
147,2018-05-28,19.5915,6.009164,7.5
148,2018-05-29,19.7499,6.00807,7.5
149,2018-05-30,19.7322,6.006976,7.5
150,2018-05-31,19.9759,6.005882,7.5
151,2018-06-01,19.8662,6.004789,7.5
152,2018-06-02,,6.003695,7.5
153,2018-06-03,,6.002602,7.5
154,2018-06-04,19.9934,6.001509,7.5
155,2018-06-05,20.3863,6.000416,7.5
156,2018-06-06,20.3129,5.999324,7.5
157,2018-06-07,20.46,5.998231,7.5
158,2018-06-08,20.5281,5.997139,7.5
159,2018-06-09,,5.996047,7.5
160,2018-06-10,,5.994956,7.5
161,2018-06-11,20.4722,5.995978,7.5
162,2018-06-12,20.596,5.997,7.5
163,2018-06-13,20.6259,5.998023,7.5
164,2018-06-14,20.6953,5.999045,7.5
165,2018-06-15,20.716,6.000068,7.5
166,2018-06-16,,6.001091,7.5
167,2018-06-17,,6.002115,7.5
168,2018-06-18,20.6968,6.003138,7.5
169,2018-06-19,20.5531,6.004162,7.5
170,2018-06-20,20.3937,6.005185,7.5
171,2018-06-21,20.3689,6.006209,7.75
172,2018-06-22,20.1264,6.007233,7.75
173,2018-06-23,,6.008258,7.75
174,2018-06-24,,6.009282,7.75
175,2018-06-25,20.0908,6.010307,7.75
176,2018-06-26,19.8754,6.010844,7.75
177,2018-06-27,20.0553,6.011381,7.75
178,2018-06-28,19.8633,6.011918,7.75
179,2018-06-29,19.6912,6.012456,7.75
180,2018-06-30,,6.012993,7.75
181,2018-07-01,,6.013531,7.75
182,2018-07-02,20.1453,6.014068,7.75
183,2018-07-03,19.5974,6.014606,7.75
184,2018-07-04,19.4284,6.015143,7.75
185,2018-07-05,19.2513,6.015681,7.75
186,2018-07-06,19.0719,6.016218,7.75
187,2018-07-07,,6.016756,7.75
188,2018-07-08,,6.017294,7.75
189,2018-07-09,19.1563,6.017832,7.75
190,2018-07-10,19.0559,6.01837,7.75
191,2018-07-11,18.9632,6.019358,7.75
192,2018-07-12,18.8241,6.020347,7.75
193,2018-07-13,18.8854,6.021337,7.75
194,2018-07-14,,6.022326,7.75
195,2018-07-15,,6.023316,7.75
196,2018-07-16,18.836,6.024305,7.75
197,2018-07-17,18.8763,6.025295,7.75
198,2018-07-18,18.91,6.026285,7.75
199,2018-07-19,19.079,6.027275,7.75
200,2018-07-20,19.0694,6.028266,7.75
201,2018-07-21,,6.029256,7.75
202,2018-07-22,,6.030247,7.75
203,2018-07-23,19.0761,6.031238,7.75
204,2018-07-24,18.8506,6.032229,7.75
205,2018-07-25,18.7709,6.03322,7.75
206,2018-07-26,18.6234,6.034431,7.75
207,2018-07-27,18.5515,6.035642,7.75
208,2018-07-28,,6.036853,7.75
209,2018-07-29,,6.038065,7.75
210,2018-07-30,18.5413,6.039277,7.75
211,2018-07-31,18.6457,6.040489,7.75
212,2018-08-01,18.5899,6.041702,7.75
213,2018-08-02,18.6349,6.042915,7.75
214,2018-08-03,18.5725,6.044128,7.75
215,2018-08-04,,6.045341,7.75
216,2018-08-05,,6.046554,7.75
217,2018-08-06,18.5433,6.047768,7.75
218,2018-08-07,18.4631,6.048982,7.75
219,2018-08-08,18.4542,6.050196,7.75
220,2018-08-09,18.6511,6.05141,7.75
221,2018-08-10,18.9273,6.052625,7.75
222,2018-08-11,,6.053356,7.75
223,2018-08-12,,6.054088,7.75
224,2018-08-13,19.1801,6.054819,7.75
225,2018-08-14,18.9973,6.055551,7.75
226,2018-08-15,19.2339,6.056282,7.75
227,2018-08-16,19.01,6.057014,7.75
228,2018-08-17,19.0615,6.057746,7.75
229,2018-08-18,,6.058478,7.75
230,2018-08-19,,6.05921,7.75
231,2018-08-20,19.0305,6.059942,7.75
232,2018-08-21,18.8784,6.060674,7.75
233,2018-08-22,18.8176,6.061406,7.75
234,2018-08-23,18.8672,6.062138,7.75
235,2018-08-24,18.8339,6.062871,7.75
236,2018-08-25,,6.063603,7.75
237,2018-08-26,,6.064901,7.75
238,2018-08-27,18.6697,6.066199,7.75
239,2018-08-28,18.9354,6.067498,7.75
240,2018-08-29,19.0659,6.068796,7.75
241,2018-08-30,19.1258,6.070095,7.75
242,2018-08-31,19.1792,6.071394,7.75
243,2018-09-01,,6.072694,7.75
244,2018-09-02,,6.073994,7.75
245,2018-09-03,19.2137,6.075294,7.75
246,2018-09-04,19.3609,6.076594,7.75
247,2018-09-05,19.4433,6.077894,7.75
248,2018-09-06,19.3546,6.079195,7.75
249,2018-09-07,19.2394,6.080496,7.75
250,2018-09-08,,6.081798,7.75
251,2018-09-09,,6.0831,7.75
252,2018-09-10,19.2989,6.084401,7.75
253,2018-09-11,19.268,6.085604,7.75
254,2018-09-12,19.0511,6.086808,7.75
255,2018-09-13,18.8775,6.088011,7.75
256,2018-09-14,18.8689,6.089215,7.75
257,2018-09-15,,6.090419,7.75
258,2018-09-16,,6.091623,7.75
259,2018-09-17,18.8399,6.092827,7.75
260,2018-09-18,18.7694,6.094032,7.75
261,2018-09-19,18.7672,6.095237,7.75
262,2018-09-20,18.8296,6.096442,7.75
263,2018-09-21,18.8539,6.097647,7.75
264,2018-09-22,,6.098853,7.75
265,2018-09-23,,6.100059,7.75
266,2018-09-24,18.8516,6.101265,7.75
267,2018-09-25,18.987,6.102471,7.75
268,2018-09-26,18.8986,6.103376,7.75
269,2018-09-27,18.812,6.10428,7.75
270,2018-09-28,18.7231,6.105185,7.75
271,2018-09-29,,6.10609,7.75
272,2018-09-30,,6.106995,7.75
273,2018-10-01,18.6531,6.1079,7.75
274,2018-10-02,18.7503,6.108806,7.75
275,2018-10-03,18.8014,6.109711,7.75
276,2018-10-04,19.1328,6.110617,7.75
277,2018-10-05,18.9444,6.111523,7.75
278,2018-10-06,,6.112429,7.75
279,2018-10-07,,6.113335,7.75
280,2018-10-08,18.9234,6.114241,7.75
281,2018-10-09,19.0,6.115147,7.75
282,2018-10-10,19.1183,6.116054,7.75
283,2018-10-11,19.0217,6.116478,7.75
284,2018-10-12,18.9202,6.116902,7.75
285,2018-10-13,,6.117326,7.75
286,2018-10-14,,6.117751,7.75
287,2018-10-15,18.8096,6.118175,7.75
288,2018-10-16,18.7693,6.118599,7.75
289,2018-10-17,18.8012,6.119024,7.75
290,2018-10-18,19.1018,6.119448,7.75
291,2018-10-19,19.2183,6.119873,7.75
292,2018-10-20,,6.120297,7.75
293,2018-10-21,,6.120722,7.75
294,2018-10-22,19.3669,6.121146,7.75
295,2018-10-23,19.4169,6.121571,7.75
296,2018-10-24,19.4623,6.121996,7.75
297,2018-10-25,19.4383,6.12242,7.75
298,2018-10-26,19.479,6.123941,7.75
299,2018-10-27,,6.125462,7.75
300,2018-10-28,,6.126983,7.75
301,2018-10-29,19.8022,6.128505,7.75
302,2018-10-30,20.0258,6.130027,7.75
303,2018-10-31,20.3177,6.13155,7.75
304,2018-11-01,20.1329,6.133073,7.75
305,2018-11-02,,6.134596,7.75
306,2018-11-03,,6.13612,7.75
307,2018-11-04,,6.137644,7.75
308,2018-11-05,19.9636,6.139168,7.75
309,2018-11-06,19.8609,6.140693,7.75
310,2018-11-07,19.8245,6.142218,7.75
311,2018-11-08,20.0438,6.143744,7.75
312,2018-11-09,20.3614,6.14527,7.75
313,2018-11-10,,6.146796,7.75
314,2018-11-11,,6.147349,7.75
315,2018-11-12,20.3179,6.147903,7.75
316,2018-11-13,20.5158,6.148457,7.75
317,2018-11-14,20.3979,6.14901,7.75
318,2018-11-15,20.3371,6.149564,8.0
319,2018-11-16,20.155,6.150117,8.0
320,2018-11-17,,6.150671,8.0
321,2018-11-18,,6.151225,8.0
322,2018-11-19,,6.151779,8.0
323,2018-11-20,20.4123,6.152333,8.0
324,2018-11-21,20.2023,6.152887,8.0
325,2018-11-22,20.2984,6.153441,8.0
326,2018-11-23,20.3935,6.153995,8.0
327,2018-11-24,,6.154549,8.0
328,2018-11-25,,6.155103,8.0
329,2018-11-26,20.5304,6.157614,8.0
330,2018-11-27,20.4977,6.160127,8.0
331,2018-11-28,20.4108,6.16264,8.0
332,2018-11-29,20.2217,6.165154,8.0
333,2018-11-30,20.3455,6.16767,8.0
334,2018-12-01,,6.170186,8.0
335,2018-12-02,,6.172703,8.0
336,2018-12-03,20.2346,6.175222,8.0
337,2018-12-04,20.5123,6.177741,8.0
338,2018-12-05,20.5672,6.180262,8.0
339,2018-12-06,20.4705,6.182783,8.0
340,2018-12-07,20.2609,6.185306,8.0
341,2018-12-08,,6.187829,8.0
342,2018-12-09,,6.190354,8.0
343,2018-12-10,20.3621,6.192879,8.0
344,2018-12-11,20.2889,6.194256,8.0
345,2018-12-12,,6.195632,8.0
346,2018-12-13,20.2566,6.197009,8.0
347,2018-12-14,20.3337,6.198386,8.0
348,2018-12-15,,6.199764,8.0
349,2018-12-16,,6.201142,8.0
350,2018-12-17,20.1126,6.20252,8.0
351,2018-12-18,20.1277,6.203898,8.0
352,2018-12-19,20.0293,6.205277,8.0
353,2018-12-20,19.9082,6.206656,8.25
354,2018-12-21,19.9275,6.208036,8.25
355,2018-12-22,,6.209415,8.25
356,2018-12-23,,6.210795,8.25
357,2018-12-24,19.8473,6.212176,8.25
358,2018-12-25,,6.213556,8.25
359,2018-12-26,19.8823,6.215733,8.25
360,2018-12-27,19.6829,6.217911,8.25
361,2018-12-28,19.6566,6.22009,8.25
362,2018-12-29,,6.222269,8.25
363,2018-12-30,,6.22445,8.25
364,2018-12-31,19.6512,6.226631,8.25
365,2019-01-01,,6.228812,8.25
366,2019-01-02,19.5878,6.230995,8.25
367,2019-01-03,19.6073,6.233178,8.25
368,2019-01-04,19.4902,6.235362,8.25
369,2019-01-05,,6.237547,8.25
370,2019-01-06,,6.239733,8.25
371,2019-01-07,19.3208,6.241919,8.25
372,2019-01-08,19.3479,6.244106,8.25
373,2019-01-09,19.2456,6.246294,8.25
374,2019-01-10,19.1714,6.248483,8.25
375,2019-01-11,19.1236,6.248252,8.25
376,2019-01-12,,6.248022,8.25
377,2019-01-13,,6.247791,8.25
378,2019-01-14,19.0064,6.247561,8.25
379,2019-01-15,19.0457,6.24733,8.25
380,2019-01-16,18.9908,6.2471,8.25
381,2019-01-17,19.063,6.246869,8.25
382,2019-01-18,19.0844,6.246639,8.25
383,2019-01-19,,6.246409,8.25
384,2019-01-20,,6.246178,8.25
385,2019-01-21,19.1902,6.245948,8.25
386,2019-01-22,19.1297,6.245717,8.25
387,2019-01-23,19.0771,6.245487,8.25
388,2019-01-24,18.9859,6.245257,8.25
389,2019-01-25,18.928,6.245026,8.25
390,2019-01-26,,6.245454,8.25
391,2019-01-27,,6.245882,8.25
392,2019-01-28,19.0381,6.246311,8.25
393,2019-01-29,18.9972,6.246739,8.25
394,2019-01-30,19.1623,6.247167,8.25
395,2019-01-31,19.0388,6.247595,8.25
396,2019-02-01,19.1098,6.248023,8.25
397,2019-02-02,,6.248451,8.25
398,2019-02-03,,6.24888,8.25
399,2019-02-04,,6.249308,8.25
400,2019-02-05,19.0824,6.249736,8.25
401,2019-02-06,19.1058,6.250165,8.25
402,2019-02-07,19.08,6.250593,8.25
403,2019-02-08,19.0893,6.251021,8.25
404,2019-02-09,,6.25145,8.25
405,2019-02-10,,6.251878,8.25
406,2019-02-11,19.2524,6.251907,8.25
407,2019-02-12,19.2592,6.251935,8.25
408,2019-02-13,19.4084,6.251963,8.25
409,2019-02-14,19.3569,6.251991,8.25
410,2019-02-15,19.3625,6.25202,8.25
411,2019-02-16,,6.252048,8.25
412,2019-02-17,,6.252076,8.25
413,2019-02-18,19.2578,6.252105,8.25
414,2019-02-19,19.1778,6.252133,8.25
415,2019-02-20,19.1835,6.252161,8.25
416,2019-02-21,19.2652,6.252189,8.25
417,2019-02-22,19.1394,6.252218,8.25
418,2019-02-23,,6.252246,8.25
419,2019-02-24,,6.252274,8.25
420,2019-02-25,19.1185,6.252303,8.25
421,2019-02-26,19.163,6.251822,8.25
422,2019-02-27,19.2201,6.251341,8.25
423,2019-02-28,19.2607,6.250861,8.25
424,2019-03-01,19.2978,6.25038,8.25
425,2019-03-02,,6.2499,8.25
426,2019-03-03,,6.249419,8.25
427,2019-03-04,19.3039,6.248939,8.25
428,2019-03-05,19.2597,6.248459,8.25
429,2019-03-06,19.3708,6.247978,8.25
430,2019-03-07,19.5225,6.247498,8.25
431,2019-03-08,19.4902,6.247018,8.25
432,2019-03-09,,6.246537,8.25
433,2019-03-10,,6.246057,8.25
434,2019-03-11,19.4243,6.246627,8.25
435,2019-03-12,19.3049,6.247196,8.25
436,2019-03-13,19.332,6.247766,8.25
437,2019-03-14,19.3233,6.248336,8.25
438,2019-03-15,19.2176,6.248906,8.25
439,2019-03-16,,6.249476,8.25
440,2019-03-17,,6.250046,8.25
441,2019-03-18,,6.250616,8.25
442,2019-03-19,19.0004,6.251186,8.25
443,2019-03-20,18.9098,6.251756,8.25
444,2019-03-21,18.8694,6.252326,8.25
445,2019-03-22,19.1369,6.252896,8.25
446,2019-03-23,,6.253466,8.25
447,2019-03-24,,6.254036,8.25
448,2019-03-25,19.0151,6.254607,8.25
449,2019-03-26,19.0989,6.25561,8.25
450,2019-03-27,19.3201,6.256613,8.25
451,2019-03-28,19.3793,6.257617,8.25
452,2019-03-29,19.3779,6.25862,8.25
453,2019-03-30,,6.259624,8.25
454,2019-03-31,,6.260628,8.25
455,2019-04-01,19.2169,6.261632,8.25
456,2019-04-02,19.2279,6.262636,8.25
457,2019-04-03,19.1805,6.26364,8.25
458,2019-04-04,19.1728,6.264645,8.25
459,2019-04-05,19.0805,6.26565,8.25
460,2019-04-06,,6.266654,8.25
461,2019-04-07,,6.267659,8.25
462,2019-04-08,18.9701,6.268665,8.25
463,2019-04-09,18.9229,6.26967,8.25
464,2019-04-10,18.836,6.270675,8.25
465,2019-04-11,18.8432,6.271168,8.25
466,2019-04-12,18.7719,6.271661,8.25
467,2019-04-13,,6.272154,8.25
468,2019-04-14,,6.272647,8.25
469,2019-04-15,18.8489,6.27314,8.25
470,2019-04-16,18.9516,6.273633,8.25
471,2019-04-17,18.848,6.274127,8.25
472,2019-04-18,,6.27462,8.25
473,2019-04-19,,6.275113,8.25
474,2019-04-20,,6.275606,8.25
475,2019-04-21,,6.276099,8.25
476,2019-04-22,18.8359,6.276593,8.25
477,2019-04-23,18.9578,6.277086,8.25
478,2019-04-24,19.0046,6.27758,8.25
479,2019-04-25,19.0942,6.278073,8.25
480,2019-04-26,18.9414,6.277927,8.25
481,2019-04-27,,6.277782,8.25
482,2019-04-28,,6.277636,8.25
483,2019-04-29,19.012,6.277491,8.25
484,2019-04-30,19.0099,6.277345,8.25
485,2019-05-01,,6.2772,8.25
486,2019-05-02,19.1014,6.277054,8.25
487,2019-05-03,19.0012,6.276909,8.25
488,2019-05-04,,6.276763,8.25
489,2019-05-05,,6.276618,8.25
490,2019-05-06,18.9781,6.276472,8.25
491,2019-05-07,19.0499,6.276327,8.25
492,2019-05-08,19.0837,6.276181,8.25
493,2019-05-09,19.2623,6.276036,8.25
494,2019-05-10,19.1374,6.27589,8.25
495,2019-05-11,,6.276137,8.25
496,2019-05-12,,6.276383,8.25
497,2019-05-13,19.1928,6.27663,8.25
498,2019-05-14,19.1427,6.276876,8.25
499,2019-05-15,19.1236,6.277123,8.25
500,2019-05-16,19.071,6.277369,8.25
501,2019-05-17,19.1454,6.277616,8.25
502,2019-05-18,,6.277863,8.25
503,2019-05-19,,6.278109,8.25
504,2019-05-20,19.0908,6.278356,8.25
505,2019-05-21,19.0309,6.278602,8.25
506,2019-05-22,18.9755,6.278849,8.25
507,2019-05-23,19.0122,6.279096,8.25
508,2019-05-24,19.0658,6.279342,8.25
509,2019-05-25,,6.279589,8.25
510,2019-05-26,,6.278405,8.25
511,2019-05-27,19.0521,6.277221,8.25
512,2019-05-28,19.1652,6.276037,8.25
513,2019-05-29,19.2395,6.274854,8.25
514,2019-05-30,19.0683,6.273671,8.25
515,2019-05-31,19.6426,6.272488,8.25
516,2019-06-01,,6.271305,8.25
517,2019-06-02,,6.270123,8.25
518,2019-06-03,19.7609,6.26894,8.25
519,2019-06-04,19.6007,6.267758,8.25
520,2019-06-05,19.5418,6.266576,8.25
521,2019-06-06,19.7084,6.265395,8.25
522,2019-06-07,19.6528,6.264213,8.25
523,2019-06-08,,6.263032,8.25
524,2019-06-09,,6.261851,8.25
525,2019-06-10,19.204,6.26067,8.25
526,2019-06-11,19.1222,6.260533,8.25
527,2019-06-12,19.1383,6.260396,8.25
528,2019-06-13,19.1645,6.260258,8.25
529,2019-06-14,19.1487,6.260121,8.25
530,2019-06-15,,6.259983,8.25
531,2019-06-16,,6.259846,8.25
532,2019-06-17,19.1924,6.259708,8.25
533,2019-06-18,19.1011,6.259571,8.25
534,2019-06-19,19.1753,6.259433,8.25
535,2019-06-20,18.9804,6.259296,8.25
536,2019-06-21,19.0661,6.259159,8.25
537,2019-06-22,,6.259021,8.25
538,2019-06-23,,6.258884,8.25
539,2019-06-24,19.1833,6.258746,8.25
540,2019-06-25,19.2271,6.258609,8.25
541,2019-06-26,19.1442,6.258645,8.25
542,2019-06-27,19.1685,6.258682,8.25
543,2019-06-28,19.2087,6.258718,8.25
544,2019-06-29,,6.258754,8.25
545,2019-06-30,,6.258791,8.25
546,2019-07-01,19.076,6.258827,8.25
547,2019-07-02,19.0694,6.258863,8.25
548,2019-07-03,19.0502,6.2589,8.25
549,2019-07-04,18.9947,6.258936,8.25
550,2019-07-05,19.0446,6.258973,8.25
551,2019-07-06,,6.259009,8.25
552,2019-07-07,,6.259045,8.25
553,2019-07-08,18.9116,6.259082,8.25
554,2019-07-09,19.0043,6.259118,8.25
555,2019-07-10,19.2425,6.259155,8.25
556,2019-07-11,19.1227,6.259752,8.25
557,2019-07-12,19.0307,6.26035,8.25
558,2019-07-13,,6.260948,8.25
559,2019-07-14,,6.261546,8.25
560,2019-07-15,18.9803,6.262144,8.25
561,2019-07-16,19.0781,6.262743,8.25
562,2019-07-17,19.0233,6.263341,8.25
563,2019-07-18,19.0108,6.263939,8.25
564,2019-07-19,19.0123,6.264537,8.25
565,2019-07-20,,6.265136,8.25
566,2019-07-21,,6.265734,8.25
567,2019-07-22,19.0659,6.266333,8.25
568,2019-07-23,19.1315,6.266931,8.25
569,2019-07-24,19.0894,6.26753,8.25
570,2019-07-25,19.0623,6.268129,8.25
571,2019-07-26,19.0699,6.269192,8.25
572,2019-07-27,,6.270256,8.25
573,2019-07-28,,6.27132,8.25
574,2019-07-29,19.09,6.272384,8.25
575,2019-07-30,19.0747,6.273448,8.25
576,2019-07-31,18.9929,6.274513,8.25
577,2019-08-01,19.1627,6.275577,8.25
578,2019-08-02,19.3116,6.276642,8.25
579,2019-08-03,,6.277707,8.25
580,2019-08-04,,6.278772,8.25
581,2019-08-05,19.5731,6.279838,8.25
582,2019-08-06,19.6291,6.280903,8.25
583,2019-08-07,19.6953,6.281969,8.25
584,2019-08-08,19.5118,6.283035,8.25
585,2019-08-09,19.4283,6.284101,8.25
586,2019-08-10,,6.285167,8.25
587,2019-08-11,,6.285434,8.25
588,2019-08-12,19.5803,6.285701,8.25
589,2019-08-13,19.463,6.285968,8.25
590,2019-08-14,19.5763,6.286234,8.25
591,2019-08-15,19.6365,6.286501,8.0
592,2019-08-16,19.5669,6.286768,8.0
593,2019-08-17,,6.287035,8.0
594,2019-08-18,,6.287301,8.0
595,2019-08-19,19.8153,6.287568,8.0
596,2019-08-20,19.7522,6.287835,8.0
597,2019-08-21,19.6798,6.288102,8.0
598,2019-08-22,19.7467,6.288369,8.0
599,2019-08-23,19.8402,6.288636,8.0
600,2019-08-24,,6.288903,8.0
601,2019-08-25,,6.289169,8.0
602,2019-08-26,19.9086,6.288874,8.0
603,2019-08-27,19.9934,6.288578,8.0
604,2019-08-28,20.0314,6.288282,8.0
605,2019-08-29,20.0988,6.287987,8.0
606,2019-08-30,20.0696,6.287691,8.0
607,2019-08-31,,6.287395,8.0
608,2019-09-01,,6.2871,8.0
609,2019-09-02,20.1253,6.286804,8.0
610,2019-09-03,20.0039,6.286509,8.0
611,2019-09-04,19.7806,6.286213,8.0
612,2019-09-05,19.6834,6.285917,8.0
613,2019-09-06,19.5623,6.285622,8.0
614,2019-09-07,,6.285326,8.0
615,2019-09-08,,6.285031,8.0
616,2019-09-09,19.5398,6.284735,8.0
617,2019-09-10,19.5354,6.28444,8.0
618,2019-09-11,19.5478,6.284662,8.0
619,2019-09-12,19.4265,6.284884,8.0
620,2019-09-13,19.3665,6.285107,8.0
621,2019-09-14,,6.285329,8.0
622,2019-09-15,,6.285551,8.0
623,2019-09-16,,6.285774,8.0
624,2019-09-17,19.4262,6.285996,8.0
625,2019-09-18,19.3528,6.286218,8.0
626,2019-09-19,19.3981,6.286441,8.0
627,2019-09-20,19.4478,6.286663,8.0
628,2019-09-21,,6.286885,8.0
629,2019-09-22,,6.287108,8.0
630,2019-09-23,19.4459,6.28733,8.0
631,2019-09-24,19.4587,6.287552,8.0
632,2019-09-25,19.5775,6.287775,8.0
633,2019-09-26,19.6363,6.288502,7.75
634,2019-09-27,19.6808,6.289229,7.75
635,2019-09-28,,6.289956,7.75
636,2019-09-29,,6.290683,7.75
637,2019-09-30,19.7345,6.291411,7.75
638,2019-10-01,19.7792,6.292138,7.75
639,2019-10-02,19.7985,6.292866,7.75
640,2019-10-03,19.7368,6.293593,7.75
641,2019-10-04,19.5255,6.294321,7.75
642,2019-10-05,,6.295049,7.75
643,2019-10-06,,6.295777,7.75
644,2019-10-07,19.5522,6.296505,7.75
645,2019-10-08,19.584,6.297233,7.75
646,2019-10-09,19.5689,6.297961,7.75
647,2019-10-10,19.4764,6.298689,7.75
648,2019-10-11,19.3217,6.299214,7.75
649,2019-10-12,,6.29974,7.75
650,2019-10-13,,6.300265,7.75
651,2019-10-14,19.2652,6.30079,7.75
652,2019-10-15,19.252,6.301316,7.75
653,2019-10-16,19.2135,6.301841,7.75
654,2019-10-17,19.1602,6.302367,7.75
655,2019-10-18,19.1492,6.302892,7.75
656,2019-10-19,,6.303418,7.75
657,2019-10-20,,6.303943,7.75
658,2019-10-21,19.1422,6.304469,7.75
659,2019-10-22,19.105,6.304995,7.75
660,2019-10-23,19.1258,6.30552,7.75
661,2019-10-24,19.0878,6.306046,7.75
662,2019-10-25,19.082,6.306572,7.75
663,2019-10-26,,6.308134,7.75
664,2019-10-27,,6.309697,7.75
665,2019-10-28,19.0543,6.31126,7.75
666,2019-10-29,19.1167,6.312823,7.75
667,2019-10-30,19.1643,6.314387,7.75
668,2019-10-31,19.1948,6.315951,7.75
669,2019-11-01,19.1058,6.317516,7.75
670,2019-11-02,,6.319081,7.75
671,2019-11-03,,6.320646,7.75
672,2019-11-04,19.1525,6.322212,7.75
673,2019-11-05,19.2125,6.323778,7.75
674,2019-11-06,19.1953,6.325345,7.75
675,2019-11-07,19.1327,6.326912,7.75
676,2019-11-08,19.1068,6.328479,7.75
677,2019-11-09,,6.330047,7.75
678,2019-11-10,,6.331615,7.75
679,2019-11-11,19.109,6.332289,7.75
680,2019-11-12,19.2178,6.332964,7.75
681,2019-11-13,19.4543,6.333639,7.75
682,2019-11-14,19.4228,6.334313,7.5
683,2019-11-15,19.2063,6.334988,7.5
684,2019-11-16,,6.335663,7.5
685,2019-11-17,,6.336338,7.5
686,2019-11-18,,6.337013,7.5
687,2019-11-19,19.3687,6.337688,7.5
688,2019-11-20,19.48,6.338364,7.5
689,2019-11-21,19.4138,6.339039,7.5
690,2019-11-22,19.3987,6.339714,7.5
691,2019-11-23,,6.34039,7.5
692,2019-11-24,,6.341065,7.5
693,2019-11-25,19.4468,6.341741,7.5
694,2019-11-26,19.5185,6.34461,7.5
695,2019-11-27,19.5607,6.34748,7.5
696,2019-11-28,19.6113,6.350352,7.5
697,2019-11-29,19.5352,6.353225,7.5
698,2019-11-30,,6.356099,7.5
699,2019-12-01,,6.358975,7.5
700,2019-12-02,19.5717,6.361852,7.5
701,2019-12-03,19.5678,6.36473,7.5
702,2019-12-04,19.4707,6.367609,7.5
703,2019-12-05,19.3688,6.37049,7.5
704,2019-12-06,19.3247,6.373372,7.5
705,2019-12-07,,6.376256,7.5
706,2019-12-08,,6.37914,7.5
707,2019-12-09,19.2302,6.382026,7.5
708,2019-12-10,19.2362,6.384914,7.5
709,2019-12-11,19.1785,6.385294,7.5
710,2019-12-12,,6.385673,7.5
711,2019-12-13,19.0455,6.386053,7.5
712,2019-12-14,,6.386433,7.5
713,2019-12-15,,6.386813,7.5
714,2019-12-16,18.9702,6.387193,7.5
715,2019-12-17,18.9165,6.387573,7.5
716,2019-12-18,18.9542,6.387953,7.5
717,2019-12-19,18.964,6.388333,7.25
718,2019-12-20,18.9133,6.388713,7.25
719,2019-12-21,,6.389093,7.25
720,2019-12-22,,6.389473,7.25
721,2019-12-23,18.9385,6.389853,7.25
722,2019-12-24,18.9643,6.390233,7.25
723,2019-12-25,,6.390613,7.25
724,2019-12-26,18.9445,6.392013,7.25
725,2019-12-27,18.8452,6.393414,7.25
726,2019-12-28,,6.394814,7.25
727,2019-12-29,,6.396215,7.25
728,2019-12-30,18.8727,6.397616,7.25
729,2019-12-31,18.8642,6.399018,7.25
730,2020-01-01,,6.400419,7.25
731,2020-01-02,18.8817,6.401821,7.25
732,2020-01-03,18.8673,6.403224,7.25
733,2020-01-04,,6.404626,7.25
734,2020-01-05,,6.406029,7.25
735,2020-01-06,18.827,6.407433,7.25
736,2020-01-07,18.8852,6.408836,7.25
737,2020-01-08,18.798,6.41024,7.25
738,2020-01-09,18.8453,6.411644,7.25
739,2020-01-10,18.7732,6.413049,7.25
740,2020-01-11,,6.414429,7.25
741,2020-01-12,,6.41581,7.25
742,2020-01-13,18.8215,6.417191,7.25
743,2020-01-14,18.812,6.418572,7.25
744,2020-01-15,18.8077,6.419954,7.25
745,2020-01-16,18.793,6.421336,7.25
746,2020-01-17,18.7388,6.422718,7.25
747,2020-01-18,,6.4241,7.25
748,2020-01-19,,6.425483,7.25
749,2020-01-20,18.6725,6.426866,7.25
750,2020-01-21,18.7007,6.42825,7.25
751,2020-01-22,18.6883,6.429633,7.25
752,2020-01-23,18.8018,6.431017,7.25
753,2020-01-24,18.8313,6.432402,7.25
754,2020-01-25,,6.433786,7.25
755,2020-01-26,,6.434857,7.25
756,2020-01-27,18.9407,6.435929,7.25
757,2020-01-28,18.8022,6.437,7.25
758,2020-01-29,18.7067,6.438072,7.25
759,2020-01-30,18.7853,6.439144,7.25
760,2020-01-31,18.9082,6.440216,7.25
761,2020-02-01,,6.441288,7.25
762,2020-02-02,,6.442361,7.25
763,2020-02-03,,6.443433,7.25
764,2020-02-04,18.6797,6.444506,7.25
765,2020-02-05,18.6245,6.445579,7.25
766,2020-02-06,18.6645,6.446652,7.25
767,2020-02-07,18.7763,6.447725,7.25
768,2020-02-08,,6.448799,7.25
769,2020-02-09,,6.449872,7.25
770,2020-02-10,18.7653,6.450946,7.25
771,2020-02-11,18.674,6.451423,7.25
772,2020-02-12,18.6308,6.4519,7.25
773,2020-02-13,18.6458,6.452377,7.0
774,2020-02-14,18.5712,6.452854,7.0
775,2020-02-15,,6.45333,7.0
776,2020-02-16,,6.453807,7.0
777,2020-02-17,18.5715,6.454284,7.0
778,2020-02-18,18.5952,6.454761,7.0
779,2020-02-19,18.591,6.455238,7.0
780,2020-02-20,18.7992,6.455715,7.0
781,2020-02-21,18.9138,6.456193,7.0
782,2020-02-22,,6.45667,7.0
783,2020-02-23,,6.457147,7.0
784,2020-02-24,19.1197,6.457624,7.0
785,2020-02-25,19.0878,6.458101,7.0
786,2020-02-26,19.1585,6.458664,7.0
787,2020-02-27,19.3973,6.459227,7.0
788,2020-02-28,19.776,6.45979,7.0
789,2020-02-29,,6.460353,7.0
790,2020-03-01,,6.460916,7.0
791,2020-03-02,19.6985,6.461478,7.0
792,2020-03-03,19.2837,6.462042,7.0
793,2020-03-04,19.5335,6.462605,7.0
794,2020-03-05,19.8095,6.463168,7.0
795,2020-03-06,20.1623,6.463731,7.0
796,2020-03-07,,6.464294,7.0
797,2020-03-08,,6.464857,7.0
798,2020-03-09,21.1117,6.465421,7.0
799,2020-03-10,21.0267,6.465984,7.0
800,2020-03-11,21.213,6.468021,7.0
801,2020-03-12,22.1518,6.470059,7.0
802,2020-03-13,21.9288,6.472097,7.0
803,2020-03-14,,6.474136,7.0
804,2020-03-15,,6.476175,7.0
805,2020-03-16,,6.478215,7.0
806,2020-03-17,23.0573,6.480256,7.0
807,2020-03-18,23.9008,6.482297,7.0
808,2020-03-19,24.0868,6.484339,7.0
809,2020-03-20,24.1113,6.486382,6.5
810,2020-03-21,,6.488425,6.5
811,2020-03-22,,6.490469,6.5
812,2020-03-23,25.0782,6.492514,6.5
813,2020-03-24,25.1185,6.494559,6.5
814,2020-03-25,24.2948,6.496605,6.5
815,2020-03-26,23.097,6.497033,6.5
816,2020-03-27,23.5122,6.497461,6.5
817,2020-03-28,,6.497889,6.5
818,2020-03-29,,6.498318,6.5
819,2020-03-30,24.2853,6.498746,6.5
820,2020-03-31,23.4847,6.499174,6.5
821,2020-04-01,24.4918,6.499602,6.5
822,2020-04-02,24.1087,6.50003,6.5
823,2020-04-03,24.6938,6.500459,6.5
824,2020-04-04,,6.500887,6.5
825,2020-04-05,,6.501315,6.5
826,2020-04-06,24.6895,6.501743,6.5
827,2020-04-07,24.0388,6.502172,6.5
828,2020-04-08,24.0925,6.5026,6.5
829,2020-04-09,,6.503029,6.5
830,2020-04-10,,6.503457,6.5
831,2020-04-11,,6.500082,6.5
832,2020-04-12,,6.496708,6.5
833,2020-04-13,23.7427,6.493336,6.5
834,2020-04-14,23.5645,6.489966,6.5
835,2020-04-15,24.1155,6.486597,6.5
836,2020-04-16,24.2098,6.48323,6.5
837,2020-04-17,23.9012,6.479865,6.5
838,2020-04-18,,6.476502,6.5
839,2020-04-19,,6.47314,6.5
840,2020-04-20,24.0077,6.469781,6.5
841,2020-04-21,24.4248,6.466423,6.0
842,2020-04-22,24.5883,6.463066,6.0
843,2020-04-23,24.623,6.459712,6.0
844,2020-04-24,24.8583,6.456359,6.0
845,2020-04-25,,6.453008,6.0
846,2020-04-26,,6.449897,6.0
847,2020-04-27,24.8492,6.446787,6.0
848,2020-04-28,24.3882,6.443679,6.0
849,2020-04-29,24.0002,6.440573,6.0
850,2020-04-30,23.9283,6.437468,6.0
851,2020-05-01,,6.434364,6.0
852,2020-05-02,,6.431262,6.0
853,2020-05-03,,6.428162,6.0
854,2020-05-04,24.3812,6.425063,6.0
855,2020-05-05,23.8343,6.421965,6.0
856,2020-05-06,24.2942,6.418869,6.0
857,2020-05-07,24.0563,6.415775,6.0
858,2020-05-08,23.6805,6.412682,6.0
859,2020-05-09,,6.40959,6.0
860,2020-05-10,,6.4065,6.0
861,2020-05-11,23.8693,6.407304,6.0
862,2020-05-12,24.0487,6.408108,6.0
863,2020-05-13,24.2113,6.408912,6.0
864,2020-05-14,24.2708,6.409716,5.5
865,2020-05-15,23.958,6.41052,5.5
866,2020-05-16,,6.411324,5.5
867,2020-05-17,,6.412128,5.5
868,2020-05-18,23.6032,6.412933,5.5
869,2020-05-19,23.6023,6.413737,5.5
870,2020-05-20,23.2962,6.414542,5.5
871,2020-05-21,22.96,6.415347,5.5
872,2020-05-22,22.7928,6.416152,5.5
873,2020-05-23,,6.416956,5.5
874,2020-05-24,,6.417762,5.5
875,2020-05-25,22.563,6.418567,5.5
876,2020-05-26,22.2932,6.419751,5.5
877,2020-05-27,22.3633,6.420936,5.5
878,2020-05-28,22.204,6.422121,5.5
879,2020-05-29,22.1778,6.423306,5.5
880,2020-05-30,,6.424492,5.5
881,2020-05-31,,6.425677,5.5
882,2020-06-01,22.0168,6.426863,5.5
883,2020-06-02,21.6827,6.428049,5.5
884,2020-06-03,21.6043,6.429236,5.5
885,2020-06-04,21.8388,6.430422,5.5
886,2020-06-05,21.5837,6.431609,5.5
887,2020-06-06,,6.432796,5.5
888,2020-06-07,,6.433983,5.5
889,2020-06-08,21.6552,6.43517,5.5
890,2020-06-09,21.7252,6.436358,5.5
891,2020-06-10,21.923,6.437546,5.5
892,2020-06-11,22.4252,6.437509,5.5
893,2020-06-12,22.3347,6.437473,5.5
894,2020-06-13,,6.437437,5.5
895,2020-06-14,,6.4374,5.5
896,2020-06-15,22.5435,6.437364,5.5
897,2020-06-16,22.2168,6.437327,5.5
898,2020-06-17,22.2783,6.437291,5.5
899,2020-06-18,22.6088,6.437255,5.5
900,2020-06-19,22.63,6.437218,5.5
901,2020-06-20,,6.437182,5.5
902,2020-06-21,,6.437146,5.5
903,2020-06-22,22.4413,6.437109,5.5
904,2020-06-23,22.413,6.437073,5.5
905,2020-06-24,22.6662,6.437036,5.5
906,2020-06-25,22.7963,6.437,5.0
907,2020-06-26,22.9715,6.43836,5.0
908,2020-06-27,,6.439721,5.0
909,2020-06-28,,6.441082,5.0
910,2020-06-29,23.1325,6.442443,5.0
911,2020-06-30,23.0893,6.443804,5.0
912,2020-07-01,22.8078,6.445166,5.0
913,2020-07-02,22.5225,6.446528,5.0
914,2020-07-03,22.4147,6.44789,5.0
915,2020-07-04,,6.449253,5.0
916,2020-07-05,,6.450616,5.0
917,2020-07-06,22.2808,6.451979,5.0
918,2020-07-07,22.6213,6.453342,5.0
919,2020-07-08,22.8225,6.454706,5.0
920,2020-07-09,22.6945,6.45607,5.0
921,2020-07-10,22.5342,6.457434,5.0
922,2020-07-11,,6.459435,5.0
923,2020-07-12,,6.461436,5.0
924,2020-07-13,22.4633,6.463438,5.0
925,2020-07-14,22.6173,6.465441,5.0
926,2020-07-15,22.3647,6.467444,5.0
927,2020-07-16,22.3032,6.469448,5.0
928,2020-07-17,22.4897,6.471452,5.0
929,2020-07-18,,6.473457,5.0
930,2020-07-19,,6.475463,5.0
931,2020-07-20,22.6278,6.477469,5.0
932,2020-07-21,22.3597,6.479476,5.0
933,2020-07-22,22.251,6.481484,5.0
934,2020-07-23,22.3627,6.483492,5.0
935,2020-07-24,22.3842,6.4855,5.0
936,2020-07-25,,6.48751,5.0
937,2020-07-26,,6.488948,5.0
938,2020-07-27,22.0275,6.490386,5.0
939,2020-07-28,21.9615,6.491824,5.0
940,2020-07-29,21.9907,6.493263,5.0
941,2020-07-30,22.1727,6.494702,5.0
942,2020-07-31,22.2012,6.496141,5.0
943,2020-08-01,,6.497581,5.0
944,2020-08-02,,6.49902,5.0
945,2020-08-03,22.614,6.500461,5.0
946,2020-08-04,22.7845,6.501901,5.0
947,2020-08-05,22.4068,6.503342,5.0
948,2020-08-06,22.3652,6.504783,5.0
949,2020-08-07,22.4892,6.506225,5.0
950,2020-08-08,,6.507667,5.0
951,2020-08-09,,6.509109,5.0
952,2020-08-10,22.485,6.510552,5.0
953,2020-08-11,22.349,6.511141,5.0
954,2020-08-12,22.3457,6.511731,5.0
955,2020-08-13,22.2628,6.512321,5.0
956,2020-08-14,22.0313,6.512911,4.5
957,2020-08-15,,6.513501,4.5
958,2020-08-16,,6.514091,4.5
959,2020-08-17,22.057,6.514681,4.5
960,2020-08-18,22.1535,6.515272,4.5
961,2020-08-19,22.0527,6.515862,4.5
962,2020-08-20,22.176,6.516452,4.5
963,2020-08-21,22.0362,6.517042,4.5
964,2020-08-22,,6.517633,4.5
965,2020-08-23,,6.518223,4.5
966,2020-08-24,21.984,6.518814,4.5
967,2020-08-25,21.9723,6.519404,4.5
968,2020-08-26,21.9202,6.520389,4.5
969,2020-08-27,22.1168,6.521373,4.5
970,2020-08-28,21.8602,6.522358,4.5
971,2020-08-29,,6.523342,4.5
972,2020-08-30,,6.524327,4.5
973,2020-08-31,21.888,6.525312,4.5
974,2020-09-01,21.7445,6.526297,4.5
975,2020-09-02,21.8393,6.527282,4.5
976,2020-09-03,21.6383,6.528268,4.5
977,2020-09-04,21.6115,6.529253,4.5
978,2020-09-05,,6.530239,4.5
979,2020-09-06,,6.531225,4.5
980,2020-09-07,21.5887,6.532211,4.5
981,2020-09-08,21.7138,6.533197,4.5
982,2020-09-09,21.5377,6.534183,4.5
983,2020-09-10,21.2773,6.53517,4.5
984,2020-09-11,21.321,6.535893,4.5
985,2020-09-12,,6.536616,4.5
986,2020-09-13,,6.537339,4.5
987,2020-09-14,21.0728,6.538062,4.5
988,2020-09-15,21.0692,6.538786,4.5
989,2020-09-16,,6.539509,4.5
990,2020-09-17,20.985,6.540233,4.5
991,2020-09-18,20.9697,6.540956,4.5
992,2020-09-19,,6.54168,4.5
993,2020-09-20,,6.542404,4.5
994,2020-09-21,21.505,6.543127,4.5
995,2020-09-22,21.5682,6.543851,4.5
996,2020-09-23,22.0897,6.544575,4.5
997,2020-09-24,22.3678,6.545299,4.5
998,2020-09-25,22.4402,6.546024,4.25
999,2020-09-26,,6.546735,4.25
1000,2020-09-27,,6.547446,4.25
1001,2020-09-28,22.4573,6.548157,4.25
1002,2020-09-29,22.3598,6.548868,4.25
1003,2020-09-30,22.1438,6.549579,4.25
1004,2020-10-01,21.9562,6.55029,4.25
1005,2020-10-02,21.7025,6.551002,4.25
1006,2020-10-03,,6.551713,4.25
1007,2020-10-04,,6.552425,4.25
1008,2020-10-05,21.396,6.553136,4.25
1009,2020-10-06,21.4507,6.553848,4.25
1010,2020-10-07,21.493,6.55456,4.25
1011,2020-10-08,21.4318,6.555272,4.25
1012,2020-10-09,21.1822,6.555984,4.25
1013,2020-10-10,,6.556696,4.25
1014,2020-10-11,,6.556554,4.25
1015,2020-10-12,21.2183,6.556413,4.25
1016,2020-10-13,21.3677,6.556271,4.25
1017,2020-10-14,21.2998,6.55613,4.25
1018,2020-10-15,21.3832,6.555988,4.25
1019,2020-10-16,21.1765,6.555847,4.25
1020,2020-10-17,,6.555705,4.25
1021,2020-10-18,,6.555564,4.25
1022,2020-10-19,21.1342,6.555422,4.25
1023,2020-10-20,21.0902,6.555281,4.25
1024,2020-10-21,21.064,6.555139,4.25
1025,2020-10-22,21.03,6.554998,4.25
1026,2020-10-23,20.9205,6.554856,4.25
1027,2020-10-24,,6.554715,4.25
1028,2020-10-25,,6.554573,4.25
1029,2020-10-26,20.9818,6.5568,4.25
1030,2020-10-27,20.8798,6.559027,4.25
1031,2020-10-28,21.1648,6.561255,4.25
1032,2020-10-29,21.377,6.563484,4.25
1033,2020-10-30,21.2508,6.565713,4.25
1034,2020-10-31,,6.567944,4.25
1035,2020-11-01,,6.570175,4.25
1036,2020-11-02,,6.572406,4.25
1037,2020-11-03,21.1555,6.574639,4.25
1038,2020-11-04,21.0345,6.576872,4.25
1039,2020-11-05,20.7612,6.579106,4.25
1040,2020-11-06,20.62,6.581341,4.25
1041,2020-11-07,,6.583577,4.25
1042,2020-11-08,,6.585813,4.25
1043,2020-11-09,20.36,6.58805,4.25
1044,2020-11-10,20.4018,6.590288,4.25
1045,2020-11-11,20.5772,6.590999,4.25
1046,2020-11-12,20.5303,6.59171,4.25
1047,2020-11-13,20.4833,6.592421,4.25
1048,2020-11-14,,6.593132,4.25
1049,2020-11-15,,6.593843,4.25
1050,2020-11-16,,6.594555,4.25
1051,2020-11-17,20.3212,6.595266,4.25
1052,2020-11-18,20.2388,6.595977,4.25
1053,2020-11-19,20.1858,6.596689,4.25
1054,2020-11-20,20.1172,6.597401,4.25
1055,2020-11-21,,6.598112,4.25
1056,2020-11-22,,6.598824,4.25
1057,2020-11-23,20.1012,6.599536,4.25
1058,2020-11-24,20.0577,6.600248,4.25
1059,2020-11-25,20.0465,6.60096,4.25
1060,2020-11-26,20.0467,6.601154,4.25
1061,2020-11-27,20.0777,6.601348,4.25
1062,2020-11-28,,6.601542,4.25
1063,2020-11-29,,6.601736,4.25
1064,2020-11-30,20.1398,6.60193,4.25
1065,2020-12-01,20.0508,6.602124,4.25
1066,2020-12-02,20.0497,6.602318,4.25
1067,2020-12-03,19.9083,6.602512,4.25
1068,2020-12-04,19.7838,6.602706,4.25
1069,2020-12-05,,6.6029,4.25
1070,2020-12-06,,6.603094,4.25
1071,2020-12-07,19.8213,6.603288,4.25
1072,2020-12-08,19.7537,6.603482,4.25
1073,2020-12-09,19.8368,6.603676,4.25
1074,2020-12-10,19.9572,6.60387,4.25
1075,2020-12-11,20.1075,6.60343,4.25
1076,2020-12-12,,6.602989,4.25
1077,2020-12-13,,6.602548,4.25
1078,2020-12-14,20.1778,6.602107,4.25
1079,2020-12-15,20.1113,6.601667,4.25
1080,2020-12-16,19.9513,6.601226,4.25
1081,2020-12-17,19.8173,6.600785,4.25
1082,2020-12-18,19.9487,6.600345,4.25
1083,2020-12-19,,6.599904,4.25
1084,2020-12-20,,6.599463,4.25
1085,2020-12-21,20.0905,6.599023,4.25
1086,2020-12-22,20.0562,6.598582,4.25
1087,2020-12-23,20.1175,6.598142,4.25
1088,2020-12-24,19.8517,6.597701,4.25
1089,2020-12-25,,6.597261,4.25
1090,2020-12-26,,6.59865,4.25
1091,2020-12-27,,6.600039,4.25
1092,2020-12-28,20.0477,6.601428,4.25
1093,2020-12-29,19.9487,6.602817,4.25
1094,2020-12-30,19.9352,6.604207,4.25
1095,2020-12-31,19.9087,6.605597,4.25
1096,2021-01-01,,6.606988,4.25
1097,2021-01-02,,6.608378,4.25
1098,2021-01-03,,6.609769,4.25
1099,2021-01-04,19.8457,6.611161,4.25
1100,2021-01-05,19.9437,6.612552,4.25
1101,2021-01-06,19.725,6.613944,4.25
1102,2021-01-07,19.91,6.615336,4.25
1103,2021-01-08,19.9705,6.616729,4.25
1104,2021-01-09,,6.618121,4.25
1105,2021-01-10,,6.619514,4.25
1106,2021-01-11,20.113,6.620346,4.25
1107,2021-01-12,19.9373,6.621179,4.25
1108,2021-01-13,19.7935,6.622011,4.25
1109,2021-01-14,19.7793,6.622843,4.25
1110,2021-01-15,19.7875,6.623676,4.25
1111,2021-01-16,,6.624508,4.25
1112,2021-01-17,,6.625341,4.25
1113,2021-01-18,19.757,6.626173,4.25
1114,2021-01-19,19.6788,6.627006,4.25
1115,2021-01-20,19.5793,6.627839,4.25
1116,2021-01-21,19.7393,6.628672,4.25
1117,2021-01-22,19.9833,6.629505,4.25
1118,2021-01-23,,6.630339,4.25
1119,2021-01-24,,6.631172,4.25
1120,2021-01-25,20.1598,6.632006,4.25
1121,2021-01-26,20.0152,6.63413,4.25
1122,2021-01-27,20.2168,6.636256,4.25
1123,2021-01-28,20.2697,6.638382,4.25
1124,2021-01-29,20.2248,6.640509,4.25
1125,2021-01-30,,6.642636,4.25
1126,2021-01-31,,6.644764,4.25
1127,2021-02-01,,6.646893,4.25
1128,2021-02-02,20.1722,6.649022,4.25
1129,2021-02-03,20.1953,6.651153,4.25
1130,2021-02-04,20.4435,6.653283,4.25
1131,2021-02-05,20.1388,6.655415,4.25
1132,2021-02-06,,6.657547,4.25
1133,2021-02-07,,6.65968,4.25
1134,2021-02-08,20.1227,6.661814,4.25
1135,2021-02-09,20.0913,6.663948,4.25
1136,2021-02-10,20.0588,6.666083,4.25
1137,2021-02-11,19.9535,6.668293,4.25
1138,2021-02-12,19.9622,6.670504,4.0
1139,2021-02-13,,6.672715,4.0
1140,2021-02-14,,6.674928,4.0
1141,2021-02-15,19.9518,6.677141,4.0
1142,2021-02-16,20.2023,6.679355,4.0
1143,2021-02-17,20.2257,6.681569,4.0
1144,2021-02-18,20.4165,6.683784,4.0
1145,2021-02-19,20.4222,6.686,4.0
1146,2021-02-20,,6.688217,4.0
1147,2021-02-21,,6.690434,4.0
1148,2021-02-22,20.6783,6.692653,4.0
1149,2021-02-23,20.5833,6.694871,4.0
1150,2021-02-24,20.4752,6.697091,4.0
1151,2021-02-25,20.8523,6.699312,4.0
1152,2021-02-26,20.939,6.700486,4.0
1153,2021-02-27,,6.70166,4.0
1154,2021-02-28,,6.702835,4.0
1155,2021-03-01,20.6123,6.704009,4.0
1156,2021-03-02,20.6903,6.705184,4.0
1157,2021-03-03,20.8957,6.70636,4.0
1158,2021-03-04,20.8498,6.707535,4.0
1159,2021-03-05,21.2635,6.708711,4.0
1160,2021-03-06,,6.709886,4.0
1161,2021-03-07,,6.711062,4.0
1162,2021-03-08,21.4177,6.712239,4.0
1163,2021-03-09,21.2575,6.713415,4.0
1164,2021-03-10,20.9853,6.714592,4.0
1165,2021-03-11,20.7133,6.715976,4.0
1166,2021-03-12,20.7637,6.717361,4.0
1167,2021-03-13,,6.718746,4.0
1168,2021-03-14,,6.720132,4.0
1169,2021-03-15,,6.721517,4.0
1170,2021-03-16,20.5753,6.722903,4.0
1171,2021-03-17,20.6828,6.72429,4.0
1172,2021-03-18,20.4415,6.725676,4.0
1173,2021-03-19,20.4823,6.727063,4.0
1174,2021-03-20,,6.72845,4.0
1175,2021-03-21,,6.729837,4.0
1176,2021-03-22,20.5788,6.731225,4.0
1177,2021-03-23,20.6408,6.732613,4.0
1178,2021-03-24,20.7882,6.734001,4.0
1179,2021-03-25,20.7662,6.73539,4.0
1180,2021-03-26,20.5677,6.737617,4.0
1181,2021-03-27,,6.739844,4.0
1182,2021-03-28,,6.742072,4.0
1183,2021-03-29,20.6047,6.744301,4.0
1184,2021-03-30,20.6025,6.74653,4.0
1185,2021-03-31,20.44,6.748761,4.0
1186,2021-04-01,,6.750992,4.0
1187,2021-04-02,,6.753224,4.0
1188,2021-04-03,,6.755456,4.0
1189,2021-04-04,,6.757689,4.0
1190,2021-04-05,20.2483,6.759923,4.0
1191,2021-04-06,20.1612,6.762158,4.0
1192,2021-04-07,20.1765,6.764394,4.0
1193,2021-04-08,20.089,6.76663,4.0
1194,2021-04-09,20.163,6.768867,4.0
1195,2021-04-10,,6.771105,4.0
1196,2021-04-11,,6.772368,4.0
1197,2021-04-12,20.095,6.773632,4.0
1198,2021-04-13,20.0735,6.774896,4.0
1199,2021-04-14,20.0583,6.77616,4.0
1200,2021-04-15,19.927,6.777425,4.0
1201,2021-04-16,19.9158,6.77869,4.0
1202,2021-04-17,,6.779955,4.0
1203,2021-04-18,,6.78122,4.0
1204,2021-04-19,19.8145,6.782486,4.0
1205,2021-04-20,19.8877,6.783751,4.0
1206,2021-04-21,19.874,6.785017,4.0
1207,2021-04-22,19.8865,6.786284,4.0
1208,2021-04-23,19.8695,6.78755,4.0
1209,2021-04-24,,6.788817,4.0
1210,2021-04-25,,6.790084,4.0
1211,2021-04-26,19.8362,6.790371,4.0
1212,2021-04-27,19.9785,6.790658,4.0
1213,2021-04-28,19.9712,6.790944,4.0
1214,2021-04-29,20.0978,6.791231,4.0
1215,2021-04-30,20.1822,6.791518,4.0
1216,2021-05-01,,6.791805,4.0
1217,2021-05-02,,6.792092,4.0
1218,2021-05-03,20.1902,6.792379,4.0
1219,2021-05-04,20.2235,6.792666,4.0
1220,2021-05-05,20.2077,6.792953,4.0
1221,2021-05-06,20.1838,6.793241,4.0
1222,2021-05-07,19.9223,6.793528,4.0
1223,2021-05-08,,6.793815,4.0
1224,2021-05-09,,6.794102,4.0
1225,2021-05-10,19.886,6.794389,4.0
1226,2021-05-11,19.8848,6.795503,4.0
1227,2021-05-12,20.094,6.796618,4.0
1228,2021-05-13,20.0495,6.797733,4.0
1229,2021-05-14,19.8487,6.798848,4.0
1230,2021-05-15,,6.799963,4.0
1231,2021-05-16,,6.801078,4.0
1232,2021-05-17,19.8028,6.802194,4.0
1233,2021-05-18,19.8313,6.803309,4.0
1234,2021-05-19,19.8143,6.804425,4.0
1235,2021-05-20,19.881,6.805541,4.0
1236,2021-05-21,19.951,6.806658,4.0
1237,2021-05-22,,6.807774,4.0
1238,2021-05-23,,6.808891,4.0
1239,2021-05-24,19.872,6.810007,4.0
1240,2021-05-25,19.8903,6.811124,4.0
1241,2021-05-26,19.8783,6.811098,4.0
1242,2021-05-27,19.9487,6.811071,4.0
1243,2021-05-28,19.9442,6.811045,4.0
1244,2021-05-29,,6.811018,4.0
1245,2021-05-30,,6.810992,4.0
1246,2021-05-31,19.9213,6.810965,4.0
1247,2021-06-01,19.8927,6.810939,4.0
1248,2021-06-02,19.9277,6.810912,4.0
1249,2021-06-03,20.0605,6.810886,4.0
1250,2021-06-04,19.9328,6.810859,4.0
1251,2021-06-05,,6.810833,4.0
1252,2021-06-06,,6.810806,4.0
1253,2021-06-07,19.797,6.810779,4.0
1254,2021-06-08,19.7728,6.810753,4.0
1255,2021-06-09,19.6897,6.810726,4.0
1256,2021-06-10,19.7002,6.8107,4.0
1257,2021-06-11,19.8823,6.811492,4.0
1258,2021-06-12,,6.812283,4.0
1259,2021-06-13,,6.813075,4.0
1260,2021-06-14,19.9065,6.813867,4.0
1261,2021-06-15,20.1235,6.814659,4.0
1262,2021-06-16,20.0588,6.815451,4.0
1263,2021-06-17,20.4292,6.816244,4.0
1264,2021-06-18,20.7002,6.817036,4.0
1265,2021-06-19,,6.817828,4.0
1266,2021-06-20,,6.818621,4.0
1267,2021-06-21,20.6,6.819413,4.0
1268,2021-06-22,20.5712,6.820206,4.0
1269,2021-06-23,20.2505,6.820999,4.0
1270,2021-06-24,20.0483,6.821792,4.0
1271,2021-06-25,19.793,6.822585,4.25
1272,2021-06-26,,6.824142,4.25
1273,2021-06-27,,6.825701,4.25
1274,2021-06-28,19.8027,6.827259,4.25
1275,2021-06-29,19.8157,6.828818,4.25
1276,2021-06-30,19.9062,6.830377,4.25
1277,2021-07-01,20.0368,6.831937,4.25
1278,2021-07-02,19.8817,6.833497,4.25
1279,2021-07-03,,6.835058,4.25
1280,2021-07-04,,6.836618,4.25
1281,2021-07-05,19.8532,6.838179,4.25
1282,2021-07-06,19.9658,6.839741,4.25
1283,2021-07-07,19.9915,6.841303,4.25
1284,2021-07-08,20.007,6.842865,4.25
1285,2021-07-09,19.88,6.844427,4.25
1286,2021-07-10,,6.84599,4.25
1287,2021-07-11,,6.846915,4.25
1288,2021-07-12,19.8577,6.84784,4.25
1289,2021-07-13,19.9988,6.848765,4.25
1290,2021-07-14,19.8992,6.84969,4.25
1291,2021-07-15,19.9412,6.850615,4.25
1292,2021-07-16,19.8537,6.851541,4.25
1293,2021-07-17,,6.852467,4.25
1294,2021-07-18,,6.853392,4.25
1295,2021-07-19,20.0,6.854318,4.25
1296,2021-07-20,20.1348,6.855244,4.25
1297,2021-07-21,20.1907,6.85617,4.25
1298,2021-07-22,20.1812,6.857096,4.25
1299,2021-07-23,20.0238,6.858023,4.25
1300,2021-07-24,,6.858949,4.25
1301,2021-07-25,,6.859876,4.25
1302,2021-07-26,20.0245,6.861446,4.25
1303,2021-07-27,19.977,6.863016,4.25
1304,2021-07-28,19.9535,6.864587,4.25
1305,2021-07-29,19.8448,6.866158,4.25
1306,2021-07-30,19.8455,6.86773,4.25
1307,2021-07-31,,6.869301,4.25
1308,2021-08-01,,6.870874,4.25
1309,2021-08-02,19.852,6.872446,4.25
1310,2021-08-03,19.892,6.874019,4.25
1311,2021-08-04,19.9547,6.875592,4.25
1312,2021-08-05,19.9293,6.877166,4.25
1313,2021-08-06,20.0037,6.87874,4.25
1314,2021-08-07,,6.880314,4.25
1315,2021-08-08,,6.881889,4.25
1316,2021-08-09,20.0648,6.883464,4.25
1317,2021-08-10,20.1038,6.88504,4.25
1318,2021-08-11,19.953,6.886134,4.25
1319,2021-08-12,19.8907,6.887228,4.25
1320,2021-08-13,19.8603,6.888323,4.5
1321,2021-08-14,,6.889418,4.5
1322,2021-08-15,,6.890513,4.5
1323,2021-08-16,19.8863,6.891608,4.5
1324,2021-08-17,19.9912,6.892703,4.5
1325,2021-08-18,20.0107,6.893799,4.5
1326,2021-08-19,20.1175,6.894894,4.5
1327,2021-08-20,20.402,6.89599,4.5
1328,2021-08-21,,6.897086,4.5
1329,2021-08-22,,6.898182,4.5
1330,2021-08-23,20.3907,6.899279,4.5
1331,2021-08-24,20.2967,6.900375,4.5
1332,2021-08-25,20.2933,6.901472,4.5
1333,2021-08-26,20.3522,6.901381,4.5
1334,2021-08-27,20.2293,6.90129,4.5
1335,2021-08-28,,6.901199,4.5
1336,2021-08-29,,6.901108,4.5
1337,2021-08-30,20.1403,6.901017,4.5
1338,2021-08-31,20.0605,6.900926,4.5
1339,2021-09-01,19.9615,6.900835,4.5
1340,2021-09-02,19.9703,6.900744,4.5
1341,2021-09-03,19.8992,6.900653,4.5
1342,2021-09-04,,6.900562,4.5
1343,2021-09-05,,6.900472,4.5
1344,2021-09-06,19.8878,6.900381,4.5
1345,2021-09-07,19.944,6.90029,4.5
1346,2021-09-08,19.9383,6.900199,4.5
1347,2021-09-09,19.9318,6.900108,4.5
1348,2021-09-10,19.8717,6.900017,4.5
1349,2021-09-11,,6.900861,4.5
1350,2021-09-12,,6.901705,4.5
1351,2021-09-13,19.8677,6.90255,4.5
1352,2021-09-14,19.9035,6.903394,4.5
1353,2021-09-15,19.9003,6.904239,4.5
1354,2021-09-16,,6.905083,4.5
1355,2021-09-17,19.9853,6.905928,4.5
1356,2021-09-18,,6.906773,4.5
1357,2021-09-19,,6.907618,4.5
1358,2021-09-20,20.1735,6.908463,4.5
1359,2021-09-21,20.1438,6.909308,4.5
1360,2021-09-22,20.0328,6.910153,4.5
1361,2021-09-23,20.028,6.910999,4.5
1362,2021-09-24,20.1118,6.911844,4.5
1363,2021-09-25,,6.91269,4.5
1364,2021-09-26,,6.914622,4.5
1365,2021-09-27,20.1052,6.916555,4.5
1366,2021-09-28,20.306,6.918489,4.5
1367,2021-09-29,20.4977,6.920423,4.5
1368,2021-09-30,20.5623,6.922358,4.5
1369,2021-10-01,20.5103,6.924293,4.75
1370,2021-10-02,,6.926229,4.75
1371,2021-10-03,,6.928165,4.75
1372,2021-10-04,20.5747,6.930102,4.75
1373,2021-10-05,20.5818,6.932039,4.75
1374,2021-10-06,20.6947,6.933977,4.75
1375,2021-10-07,20.604,6.935916,4.75
1376,2021-10-08,20.7293,6.937855,4.75
1377,2021-10-09,,6.939794,4.75
1378,2021-10-10,,6.941734,4.75
1379,2021-10-11,20.8017,6.942696,4.75
1380,2021-10-12,20.7767,6.943657,4.75
1381,2021-10-13,20.6827,6.944618,4.75
1382,2021-10-14,20.6075,6.94558,4.75
1383,2021-10-15,20.4672,6.946542,4.75
1384,2021-10-16,,6.947503,4.75
1385,2021-10-17,,6.948465,4.75
1386,2021-10-18,20.3587,6.949427,4.75
1387,2021-10-19,20.2647,6.95039,4.75
1388,2021-10-20,20.185,6.951352,4.75
1389,2021-10-21,20.2643,6.952314,4.75
1390,2021-10-22,20.1837,6.953277,4.75
1391,2021-10-23,,6.95424,4.75
1392,2021-10-24,,6.955203,4.75
1393,2021-10-25,20.1897,6.956166,4.75
1394,2021-10-26,20.1888,6.958509,4.75
1395,2021-10-27,20.193,6.960854,4.75
1396,2021-10-28,20.3255,6.963199,4.75
1397,2021-10-29,20.5297,6.965545,4.75
1398,2021-10-30,,6.967892,4.75
1399,2021-10-31,,6.97024,4.75
1400,2021-11-01,20.8598,6.972588,4.75
1401,2021-11-02,,6.974938,4.75
1402,2021-11-03,20.8352,6.977288,4.75
1403,2021-11-04,20.6242,6.979638,4.75
1404,2021-11-05,20.3925,6.98199,4.75
1405,2021-11-06,,6.984342,4.75
1406,2021-11-07,,6.986696,4.75
1407,2021-11-08,20.3265,6.98905,4.75
1408,2021-11-09,20.2833,6.991405,4.75
1409,2021-11-10,20.4702,6.99376,4.75
1410,2021-11-11,20.4652,6.99554,4.75
1411,2021-11-12,20.5072,6.99732,5.0
1412,2021-11-13,,6.9991,5.0
1413,2021-11-14,,7.000881,5.0
1414,2021-11-15,,7.002662,5.0
1415,2021-11-16,20.8092,7.004444,5.0
1416,2021-11-17,20.6912,7.006226,5.0
1417,2021-11-18,20.7628,7.008009,5.0
1418,2021-11-19,20.8283,7.009792,5.0
1419,2021-11-20,,7.011576,5.0
1420,2021-11-21,,7.01336,5.0
1421,2021-11-22,20.9632,7.015144,5.0
1422,2021-11-23,21.2107,7.016929,5.0
1423,2021-11-24,21.4357,7.018715,5.0
1424,2021-11-25,21.5462,7.020501,5.0
1425,2021-11-26,21.8185,7.023736,5.0
1426,2021-11-27,,7.026973,5.0
1427,2021-11-28,,7.030212,5.0
1428,2021-11-29,21.7333,7.033452,5.0
1429,2021-11-30,21.4453,7.036693,5.0
1430,2021-12-01,21.271,7.039936,5.0
1431,2021-12-02,21.3033,7.043181,5.0
1432,2021-12-03,21.4177,7.046427,5.0
1433,2021-12-04,,7.049675,5.0
1434,2021-12-05,,7.052924,5.0
1435,2021-12-06,21.2047,7.056174,5.0
1436,2021-12-07,21.0907,7.059426,5.0
1437,2021-12-08,20.933,7.06268,5.0
1438,2021-12-09,21.0328,7.065935,5.0
1439,2021-12-10,20.8922,7.069191,5.0
1440,2021-12-11,,7.071611,5.0
1441,2021-12-12,,7.074031,5.0
1442,2021-12-13,20.9383,7.076453,5.0
1443,2021-12-14,21.165,7.078875,5.0
1444,2021-12-15,21.2393,7.081298,5.0
1445,2021-12-16,20.9238,7.083722,5.0
1446,2021-12-17,20.7337,7.086146,5.5
1447,2021-12-18,,7.088572,5.5
1448,2021-12-19,,7.090998,5.5
1449,2021-12-20,20.7363,7.093425,5.5
1450,2021-12-21,20.7823,7.095853,5.5
1451,2021-12-22,20.7527,7.098282,5.5
1452,2021-12-23,20.6582,7.100711,5.5
1453,2021-12-24,20.6112,7.103142,5.5
1454,2021-12-25,,7.105573,5.5
1455,2021-12-26,,7.106016,5.5
1456,2021-12-27,20.6828,7.106459,5.5
1457,2021-12-28,20.577,7.106903,5.5
1458,2021-12-29,20.5835,7.107346,5.5
1459,2021-12-30,20.5157,7.107789,5.5
1460,2021-12-31,20.4672,7.108233,5.5
1461,2022-01-01,,7.108676,5.5
1462,2022-01-02,,7.109119,5.5
1463,2022-01-03,20.589,7.109563,5.5
1464,2022-01-04,20.4742,7.110006,5.5
1465,2022-01-05,20.3977,7.11045,5.5
1466,2022-01-06,20.4588,7.110893,5.5
1467,2022-01-07,20.4237,7.111337,5.5
1468,2022-01-08,,7.11178,5.5
1469,2022-01-09,,7.112224,5.5
1470,2022-01-10,20.4453,7.112667,5.5
1471,2022-01-11,20.3785,7.11272,5.5
1472,2022-01-12,20.366,7.112772,5.5
1473,2022-01-13,20.3607,7.112825,5.5
1474,2022-01-14,20.3118,7.112878,5.5
1475,2022-01-15,,7.11293,5.5
1476,2022-01-16,,7.112983,5.5
1477,2022-01-17,20.3002,7.113035,5.5
1478,2022-01-18,20.403,7.113088,5.5
1479,2022-01-19,20.46,7.11314,5.5
1480,2022-01-20,20.4507,7.113193,5.5
1481,2022-01-21,20.4598,7.113245,5.5
1482,2022-01-22,,7.113298,5.5
1483,2022-01-23,,7.113351,5.5
1484,2022-01-24,20.6308,7.113403,5.5
1485,2022-01-25,20.6683,7.113456,5.5
1486,2022-01-26,20.6415,7.115181,5.5
1487,2022-01-27,20.7383,7.116906,5.5
1488,2022-01-28,20.8597,7.118632,5.5
1489,2022-01-29,,7.120358,5.5
1490,2022-01-30,,7.122085,5.5
1491,2022-01-31,20.6352,7.123812,5.5
1492,2022-02-01,20.58,7.125539,5.5
1493,2022-02-02,20.6003,7.127267,5.5
1494,2022-02-03,20.5562,7.128996,5.5
1495,2022-02-04,20.7325,7.130724,5.5
1496,2022-02-05,,7.132453,5.5
1497,2022-02-06,,7.134183,5.5
1498,2022-02-07,,7.135913,5.5
1499,2022-02-08,20.6413,7.137644,5.5
1500,2022-02-09,20.5008,7.139374,5.5
1501,2022-02-10,20.4148,7.141106,5.5
1502,2022-02-11,20.4188,7.142978,6.0
1503,2022-02-12,,7.144851,6.0
1504,2022-02-13,,7.146724,6.0
1505,2022-02-14,20.411,7.148598,6.0
1506,2022-02-15,20.3992,7.150472,6.0
1507,2022-02-16,20.3335,7.152346,6.0
1508,2022-02-17,20.2978,7.154222,6.0
1509,2022-02-18,20.3063,7.156097,6.0
1510,2022-02-19,,7.157973,6.0
1511,2022-02-20,,7.15985,6.0
1512,2022-02-21,20.2825,7.161727,6.0
1513,2022-02-22,20.2977,7.163605,6.0
1514,2022-02-23,20.2435,7.165483,6.0
1515,2022-02-24,20.6525,7.167362,6.0
1516,2022-02-25,20.4465,7.169241,6.0
1517,2022-02-26,,7.171564,6.0
1518,2022-02-27,,7.173887,6.0
1519,2022-02-28,20.4257,7.176212,6.0
1520,2022-03-01,20.5272,7.178537,6.0
1521,2022-03-02,20.7193,7.180863,6.0
1522,2022-03-03,20.7033,7.18319,6.0
1523,2022-03-04,20.9262,7.185517,6.0
1524,2022-03-05,,7.187846,6.0
1525,2022-03-06,,7.190175,6.0
1526,2022-03-07,21.1947,7.192504,6.0
1527,2022-03-08,21.3775,7.194835,6.0
1528,2022-03-09,20.9677,7.197166,6.0
1529,2022-03-10,20.9743,7.199498,6.0
1530,2022-03-11,20.9695,7.201499,6.0
1531,2022-03-12,,7.203501,6.0
1532,2022-03-13,,7.205503,6.0
1533,2022-03-14,20.8908,7.207506,6.0
1534,2022-03-15,20.8743,7.209509,6.0
1535,2022-03-16,20.7035,7.211513,6.0
1536,2022-03-17,20.5585,7.213518,6.0
1537,2022-03-18,20.4145,7.215523,6.0
1538,2022-03-19,,7.217528,6.0
1539,2022-03-20,,7.219535,6.0
1540,2022-03-21,,7.221541,6.0
1541,2022-03-22,20.2782,7.223548,6.0
1542,2022-03-23,20.18,7.225556,6.0
1543,2022-03-24,20.1313,7.227565,6.0
1544,2022-03-25,19.9577,7.229574,6.5
1545,2022-03-26,,7.231752,6.5
1546,2022-03-27,,7.23393,6.5
1547,2022-03-28,20.1195,7.236109,6.5
1548,2022-03-29,19.9942,7.238289,6.5
1549,2022-03-30,19.8632,7.24047,6.5
1550,2022-03-31,19.9112,7.242651,6.5
1551,2022-04-01,19.8432,7.244833,6.5
1552,2022-04-02,,7.247016,6.5
1553,2022-04-03,,7.249199,6.5
1554,2022-04-04,19.7443,7.251383,6.5
1555,2022-04-05,19.9012,7.253567,6.5
1556,2022-04-06,20.0665,7.255753,6.5
1557,2022-04-07,20.1605,7.257938,6.5
1558,2022-04-08,20.12,7.260125,6.5
1559,2022-04-09,,7.262312,6.5
1560,2022-04-10,,7.2645,6.5
1561,2022-04-11,20.0093,7.267354,6.5
1562,2022-04-12,19.8407,7.270209,6.5
1563,2022-04-13,19.7967,7.273066,6.5
1564,2022-04-14,,7.275923,6.5
1565,2022-04-15,,7.278782,6.5
1566,2022-04-16,,7.281642,6.5
1567,2022-04-17,,7.284503,6.5
1568,2022-04-18,19.9377,7.287365,6.5
1569,2022-04-19,20.0447,7.290228,6.5
1570,2022-04-20,20.0383,7.293092,6.5
1571,2022-04-21,20.1802,7.295957,6.5
1572,2022-04-22,20.3183,7.298824,6.5
1573,2022-04-23,,7.301692,6.5
1574,2022-04-24,,7.30456,6.5
1575,2022-04-25,20.2992,7.30743,6.5
1576,2022-04-26,20.356,7.308198,6.5
1577,2022-04-27,20.4707,7.308965,6.5
1578,2022-04-28,20.567,7.309733,6.5
1579,2022-04-29,20.3728,7.310501,6.5
1580,2022-04-30,,7.311269,6.5
1581,2022-05-01,,7.312036,6.5
1582,2022-05-02,20.4075,7.312804,6.5
1583,2022-05-03,20.335,7.313572,6.5
1584,2022-05-04,20.2535,7.314341,6.5
1585,2022-05-05,20.2218,7.315109,6.5
1586,2022-05-06,20.1085,7.315877,6.5
1587,2022-05-07,,7.316646,6.5
1588,2022-05-08,,7.317414,6.5
1589,2022-05-09,20.3172,7.318183,6.5
1590,2022-05-10,20.372,7.318951,6.5
1591,2022-05-11,20.2592,7.319811,6.5
1592,2022-05-12,20.32,7.320672,6.5
1593,2022-05-13,20.1443,7.321532,7.0
1594,2022-05-14,,7.322393,7.0
1595,2022-05-15,,7.323254,7.0
1596,2022-05-16,20.0782,7.324115,7.0
1597,2022-05-17,19.9637,7.324976,7.0
1598,2022-05-18,19.9663,7.325837,7.0
1599,2022-05-19,19.9267,7.326698,7.0
1600,2022-05-20,19.8657,7.327559,7.0
1601,2022-05-21,,7.32842,7.0
1602,2022-05-22,,7.329282,7.0
1603,2022-05-23,19.8282,7.330143,7.0
1604,2022-05-24,19.887,7.331005,7.0
1605,2022-05-25,19.8377,7.331867,7.0
1606,2022-05-26,19.7933,7.331571,7.0
1607,2022-05-27,19.5965,7.331275,7.0
1608,2022-05-28,,7.33098,7.0
1609,2022-05-29,,7.330684,7.0
1610,2022-05-30,19.4953,7.330388,7.0
1611,2022-05-31,19.694,7.330093,7.0
1612,2022-06-01,19.7388,7.329797,7.0
1613,2022-06-02,19.5585,7.329501,7.0
1614,2022-06-03,19.5742,7.329206,7.0
1615,2022-06-04,,7.32891,7.0
1616,2022-06-05,,7.328615,7.0
1617,2022-06-06,19.5547,7.328319,7.0
1618,2022-06-07,19.5998,7.328024,7.0
1619,2022-06-08,19.59,7.327728,7.0
1620,2022-06-09,19.6128,7.327433,7.0
1621,2022-06-10,19.9297,7.327137,7.0
1622,2022-06-11,,7.328622,7.0
1623,2022-06-12,,7.330108,7.0
1624,2022-06-13,20.4527,7.331594,7.0
1625,2022-06-14,20.6583,7.333081,7.0
1626,2022-06-15,20.6675,7.334567,7.0
1627,2022-06-16,20.5728,7.336054,7.0
1628,2022-06-17,20.476,7.337542,7.0
1629,2022-06-18,,7.339029,7.0
1630,2022-06-19,,7.340517,7.0
1631,2022-06-20,20.2442,7.342005,7.0
1632,2022-06-21,20.1963,7.343494,7.0
1633,2022-06-22,20.0465,7.344983,7.0
1634,2022-06-23,20.0365,7.346472,7.0
1635,2022-06-24,19.8707,7.347961,7.75
1636,2022-06-25,,7.349451,7.75
1637,2022-06-26,,7.351863,7.75
1638,2022-06-27,19.8797,7.354275,7.75
1639,2022-06-28,19.9847,7.356689,7.75
1640,2022-06-29,20.1443,7.359103,7.75
1641,2022-06-30,20.1335,7.361518,7.75
1642,2022-07-01,20.3817,7.363934,7.75
1643,2022-07-02,,7.36635,7.75
1644,2022-07-03,,7.368768,7.75
1645,2022-07-04,20.2877,7.371186,7.75
1646,2022-07-05,20.5598,7.373605,7.75
1647,2022-07-06,20.7228,7.376025,7.75
1648,2022-07-07,20.6022,7.378445,7.75
1649,2022-07-08,20.4423,7.380866,7.75
1650,2022-07-09,,7.383288,7.75
1651,2022-07-10,,7.385711,7.75
1652,2022-07-11,20.7473,7.387652,7.75
1653,2022-07-12,20.7882,7.389594,7.75
1654,2022-07-13,20.7613,7.391535,7.75
1655,2022-07-14,20.9415,7.393478,7.75
1656,2022-07-15,20.611,7.395421,7.75
1657,2022-07-16,,7.397364,7.75
1658,2022-07-17,,7.399308,7.75
1659,2022-07-18,20.3957,7.401252,7.75
1660,2022-07-19,20.4407,7.403197,7.75
1661,2022-07-20,20.4913,7.405143,7.75
1662,2022-07-21,20.6562,7.407089,7.75
1663,2022-07-22,20.515,7.409035,7.75
1664,2022-07-23,,7.410982,7.75
1665,2022-07-24,,7.412929,7.75
1666,2022-07-25,20.4652,7.414877,7.75
1667,2022-07-26,20.433,7.416859,7.75
1668,2022-07-27,20.512,7.418842,7.75
1669,2022-07-28,20.3778,7.420824,7.75
1670,2022-07-29,20.3485,7.422808,7.75
1671,2022-07-30,,7.424792,7.75
1672,2022-07-31,,7.426776,7.75
1673,2022-08-01,20.2633,7.428761,7.75
1674,2022-08-02,20.5152,7.430747,7.75
1675,2022-08-03,20.6305,7.432733,7.75
1676,2022-08-04,20.3358,7.43472,7.75
1677,2022-08-05,20.401,7.436707,7.75
1678,2022-08-06,,7.438695,7.75
1679,2022-08-07,,7.440683,7.75
1680,2022-08-08,20.2789,7.442672,7.75
1681,2022-08-09,20.2715,7.444661,7.75
1682,2022-08-10,19.9562,7.446651,7.75
1683,2022-08-11,19.9595,7.447777,7.75
1684,2022-08-12,19.874,7.448904,8.5
1685,2022-08-13,,7.450031,8.5
1686,2022-08-14,,7.451158,8.5
1687,2022-08-15,19.8618,7.452286,8.5
1688,2022-08-16,19.9303,7.453413,8.5
1689,2022-08-17,20.0387,7.454541,8.5
1690,2022-08-18,20.0835,7.455668,8.5
1691,2022-08-19,20.1957,7.456796,8.5
1692,2022-08-20,,7.457925,8.5
1693,2022-08-21,,7.459053,8.5
1694,2022-08-22,20.1598,7.460182,8.5
1695,2022-08-23,19.9982,7.46131,8.5
1696,2022-08-24,19.9198,7.462439,8.5
1697,2022-08-25,19.9437,7.463568,8.5
1698,2022-08-26,19.9268,7.465516,8.5
1699,2022-08-27,,7.467464,8.5
1700,2022-08-28,,7.469413,8.5
1701,2022-08-29,19.9945,7.471363,8.5
1702,2022-08-30,20.1465,7.473313,8.5
1703,2022-08-31,20.0962,7.475263,8.5
1704,2022-09-01,20.2473,7.477214,8.5
1705,2022-09-02,19.9753,7.479166,8.5
1706,2022-09-03,,7.481118,8.5
1707,2022-09-04,,7.48307,8.5
1708,2022-09-05,19.962,7.485023,8.5
1709,2022-09-06,20.138,7.486977,8.5
1710,2022-09-07,20.0297,7.488931,8.5
1711,2022-09-08,20.0203,7.490885,8.5
1712,2022-09-09,19.9027,7.49284,8.5
1713,2022-09-10,,7.494796,8.5
1714,2022-09-11,,7.496406,8.5
1715,2022-09-12,19.7957,7.498017,8.5
1716,2022-09-13,20.055,7.499628,8.5
1717,2022-09-14,19.9768,7.50124,8.5
1718,2022-09-15,20.0525,7.502852,8.5
1719,2022-09-16,,7.504464,8.5
1720,2022-09-17,,7.506076,8.5
1721,2022-09-18,,7.507689,8.5
1722,2022-09-19,19.9943,7.509303,8.5
1723,2022-09-20,20.0,7.510916,8.5
1724,2022-09-21,20.0027,7.51253,8.5
1725,2022-09-22,19.9608,7.514144,8.5
1726,2022-09-23,20.1627,7.515759,8.5
1727,2022-09-24,,7.517374,8.5
1728,2022-09-25,,7.518989,8.5
1729,2022-09-26,20.3517,7.521027,8.5
1730,2022-09-27,20.357,7.523065,8.5
1731,2022-09-28,20.3058,7.525104,8.5
1732,2022-09-29,20.1927,7.527143,8.5
1733,2022-09-30,20.0925,7.529183,9.25
1734,2022-10-01,,7.531223,9.25
1735,2022-10-02,,7.533264,9.25
1736,2022-10-03,20.0008,7.535305,9.25
1737,2022-10-04,19.9698,7.537347,9.25
1738,2022-10-05,20.1267,7.53939,9.25
1739,2022-10-06,20.1087,7.541433,9.25
1740,2022-10-07,20.0502,7.543476,9.25
1741,2022-10-08,,7.545521,9.25
1742,2022-10-09,,7.547565,9.25
1743,2022-10-10,19.9752,7.549611,9.25
1744,2022-10-11,19.9652,7.550128,9.25
1745,2022-10-12,20.0352,7.550645,9.25
1746,2022-10-13,20.0398,7.551162,9.25
1747,2022-10-14,20.0838,7.55168,9.25
1748,2022-10-15,,7.552197,9.25
1749,2022-10-16,,7.552714,9.25
1750,2022-10-17,19.9913,7.553232,9.25
1751,2022-10-18,20.0207,7.553749,9.25
1752,2022-10-19,20.1272,7.554266,9.25
1753,2022-10-20,20.0448,7.554784,9.25
1754,2022-10-21,19.9647,7.555302,9.25
1755,2022-10-22,,7.555819,9.25
1756,2022-10-23,,7.556337,9.25
1757,2022-10-24,19.9535,7.556854,9.25
1758,2022-10-25,19.8712,7.557372,9.25
1759,2022-10-26,19.8553,7.559441,9.25
1760,2022-10-27,19.8365,7.56151,9.25
1761,2022-10-28,19.8303,7.56358,9.25
1762,2022-10-29,,7.56565,9.25
1763,2022-10-30,,7.567721,9.25
1764,2022-10-31,19.8245,7.569793,9.25
1765,2022-11-01,19.7463,7.571865,9.25
1766,2022-11-02,,7.573938,9.25
1767,2022-11-03,19.6673,7.576011,9.25
1768,2022-11-04,19.5202,7.578085,9.25
1769,2022-11-05,,7.580159,9.25
1770,2022-11-06,,7.582234,9.25
1771,2022-11-07,19.4647,7.58431,9.25
1772,2022-11-08,19.4775,7.586386,9.25
1773,2022-11-09,19.5887,7.588463,9.25
1774,2022-11-10,19.394,7.59054,9.25
1775,2022-11-11,19.5353,7.591303,10.0
1776,2022-11-12,,7.592067,10.0
1777,2022-11-13,,7.592831,10.0
1778,2022-11-14,19.4015,7.593594,10.0
1779,2022-11-15,19.3818,7.594358,10.0
1780,2022-11-16,19.3137,7.595122,10.0
1781,2022-11-17,19.4333,7.595886,10.0
1782,2022-11-18,19.493,7.59665,10.0
1783,2022-11-19,,7.597414,10.0
1784,2022-11-20,,7.598178,10.0
1785,2022-11-21,,7.598942,10.0
1786,2022-11-22,19.4667,7.599707,10.0
1787,2022-11-23,19.3683,7.600471,10.0
1788,2022-11-24,19.3692,7.601236,10.0
1789,2022-11-25,19.3393,7.602,10.0
1790,2022-11-26,,7.604814,10.0
1791,2022-11-27,,7.60763,10.0
1792,2022-11-28,19.325,7.610446,10.0
1793,2022-11-29,19.216,7.613264,10.0
1794,2022-11-30,19.3965,7.616082,10.0
1795,2022-12-01,19.1433,7.618902,10.0
1796,2022-12-02,19.3422,7.621722,10.0
1797,2022-12-03,,7.624544,10.0
1798,2022-12-04,,7.627366,10.0
1799,2022-12-05,19.7567,7.63019,10.0
1800,2022-12-06,19.803,7.633015,10.0
1801,2022-12-07,19.6977,7.63584,10.0
1802,2022-12-08,19.6732,7.638667,10.0
1803,2022-12-09,19.8192,7.641495,10.0
1804,2022-12-10,,7.644324,10.0
1805,2022-12-11,,7.643746,10.0
1806,2022-12-12,,7.643167,10.0
1807,2022-12-13,19.6458,7.642589,10.0
1808,2022-12-14,19.6955,7.642011,10.0
1809,2022-12-15,19.7963,7.641433,10.0
1810,2022-12-16,19.7932,7.640855,10.5
1811,2022-12-17,,7.640276,10.5
1812,2022-12-18,,7.639698,10.5
1813,2022-12-19,19.7557,7.63912,10.5
1814,2022-12-20,19.7482,7.638542,10.5
1815,2022-12-21,19.6932,7.637964,10.5
1816,2022-12-22,19.574,7.637387,10.5
1817,2022-12-23,19.4287,7.636809,10.5
1818,2022-12-24,,7.636231,10.5
1819,2022-12-25,,7.635653,10.5
1820,2022-12-26,19.3983,7.637511,10.5
1821,2022-12-27,19.4407,7.639368,10.5
1822,2022-12-28,19.4143,7.641227,10.5
1823,2022-12-29,19.3615,7.643085,10.5
1824,2022-12-30,19.4715,7.644945,10.5
1825,2022-12-31,,7.646804,10.5
1826,2023-01-01,,7.648664,10.5
1827,2023-01-02,19.4883,7.650525,10.5
1828,2023-01-03,19.422,7.652386,10.5
1829,2023-01-04,19.3568,7.654247,10.5
1830,2023-01-05,19.3672,7.656109,10.5
1831,2023-01-06,19.1753,7.657971,10.5
1832,2023-01-07,,7.659834,10.5
1833,2023-01-08,,7.661698,10.5
1834,2023-01-09,19.1648,7.663561,10.5
1835,2023-01-10,19.1108,7.665425,10.5
1836,2023-01-11,19.026,7.665918,10.5
1837,2023-01-12,18.8735,7.666411,10.5
1838,2023-01-13,18.7922,7.666904,10.5
1839,2023-01-14,,7.667397,10.5
1840,2023-01-15,,7.667891,10.5
1841,2023-01-16,18.7913,7.668384,10.5
1842,2023-01-17,18.7493,7.668877,10.5
1843,2023-01-18,18.7493,7.66937,10.5
1844,2023-01-19,19.0327,7.669863,10.5
1845,2023-01-20,18.9257,7.670356,10.5
1846,2023-01-21,,7.67085,10.5
1847,2023-01-22,,7.671343,10.5
1848,2023-01-23,18.8267,7.671836,10.5
1849,2023-01-24,18.8318,7.67233,10.5
1850,2023-01-25,18.82,7.672823,10.5
1851,2023-01-26,18.8355,7.675005,10.5
1852,2023-01-27,18.7872,7.677188,10.5
1853,2023-01-28,,7.679371,10.5
1854,2023-01-29,,7.681555,10.5
1855,2023-01-30,18.7793,7.683739,10.5
1856,2023-01-31,18.7937,7.685924,10.5
1857,2023-02-01,18.739,7.68811,10.5
1858,2023-02-02,18.6232,7.690297,10.5
1859,2023-02-03,18.8895,7.692484,10.5
1860,2023-02-04,,7.694671,10.5
1861,2023-02-05,,7.696859,10.5
1862,2023-02-06,,7.699048,10.5
1863,2023-02-07,19.0517,7.701238,10.5
1864,2023-02-08,18.9435,7.703428,10.5
1865,2023-02-09,18.9543,7.705619,10.5
1866,2023-02-10,18.6893,7.70781,11.0
1867,2023-02-11,,7.709586,11.0
1868,2023-02-12,,7.711362,11.0
1869,2023-02-13,18.6327,7.713139,11.0
1870,2023-02-14,18.5383,7.714916,11.0
1871,2023-02-15,18.6428,7.716693,11.0
1872,2023-02-16,18.5497,7.718471,11.0
1873,2023-02-17,18.4142,7.720249,11.0
1874,2023-02-18,,7.722028,11.0
1875,2023-02-19,,7.723807,11.0
1876,2023-02-20,18.397,7.725586,11.0
1877,2023-02-21,18.3938,7.727366,11.0
1878,2023-02-22,18.3483,7.729147,11.0
1879,2023-02-23,18.4107,7.730927,11.0
1880,2023-02-24,18.4023,7.732708,11.0
1881,2023-02-25,,7.73449,11.0
1882,2023-02-26,,7.736288,11.0
1883,2023-02-27,18.4077,7.738086,11.0
1884,2023-02-28,18.3448,7.739885,11.0
1885,2023-03-01,18.17,7.741684,11.0
1886,2023-03-02,18.126,7.743484,11.0
1887,2023-03-03,18.0123,7.745284,11.0
1888,2023-03-04,,7.747084,11.0
1889,2023-03-05,,7.748885,11.0
1890,2023-03-06,18.0122,7.750686,11.0
1891,2023-03-07,18.1155,7.752488,11.0
1892,2023-03-08,17.9662,7.75429,11.0
1893,2023-03-09,18.0577,7.756092,11.0
1894,2023-03-10,18.4083,7.757895,11.0
1895,2023-03-11,,7.75874,11.0
1896,2023-03-12,,7.759584,11.0
1897,2023-03-13,18.8302,7.760428,11.0
1898,2023-03-14,18.6427,7.761273,11.0
1899,2023-03-15,18.9972,7.762117,11.0
1900,2023-03-16,18.9095,7.762962,11.0
1901,2023-03-17,18.8977,7.763807,11.0
1902,2023-03-18,,7.764652,11.0
1903,2023-03-19,,7.765497,11.0
1904,2023-03-20,,7.766342,11.0
1905,2023-03-21,18.6755,7.767187,11.0
1906,2023-03-22,18.5437,7.768032,11.0
1907,2023-03-23,18.4902,7.768877,11.0
1908,2023-03-24,18.5178,7.769723,11.0
1909,2023-03-25,,7.770568,11.0
1910,2023-03-26,,7.771288,11.0
1911,2023-03-27,18.383,7.772007,11.0
1912,2023-03-28,18.2523,7.772727,11.0
1913,2023-03-29,18.1052,7.773447,11.0
1914,2023-03-30,18.0932,7.774167,11.0
1915,2023-03-31,18.0415,7.774887,11.25
1916,2023-04-01,,7.775607,11.25
1917,2023-04-02,,7.776327,11.25
1918,2023-04-03,18.107,7.777047,11.25
1919,2023-04-04,18.1185,7.777767,11.25
1920,2023-04-05,18.3323,7.778487,11.25
1921,2023-04-06,,7.779207,11.25
1922,2023-04-07,,7.779928,11.25
1923,2023-04-08,,7.780648,11.25
1924,2023-04-09,,7.781369,11.25
1925,2023-04-10,18.1765,7.782089,11.25
1926,2023-04-11,18.187,7.782477,11.25
1927,2023-04-12,18.066,7.782865,11.25
1928,2023-04-13,18.0152,7.783253,11.25
1929,2023-04-14,18.0638,7.783641,11.25
1930,2023-04-15,,7.784029,11.25
1931,2023-04-16,,7.784417,11.25
1932,2023-04-17,18.0868,7.784805,11.25
1933,2023-04-18,18.063,7.785193,11.25
1934,2023-04-19,18.0448,7.785581,11.25
1935,2023-04-20,18.009,7.785969,11.25
1936,2023-04-21,17.9988,7.786358,11.25
1937,2023-04-22,,7.786746,11.25
1938,2023-04-23,,7.787134,11.25
1939,2023-04-24,18.0082,7.787522,11.25
1940,2023-04-25,18.0892,7.78791,11.25
1941,2023-04-26,18.103,7.787069,11.25
1942,2023-04-27,18.0723,7.786227,11.25
1943,2023-04-28,17.9975,7.785386,11.25
1944,2023-04-29,,7.784545,11.25
1945,2023-04-30,,7.783704,11.25
1946,2023-05-01,,7.782863,11.25
1947,2023-05-02,18.0325,7.782022,11.25
1948,2023-05-03,17.906,7.781181,11.25
1949,2023-05-04,17.9575,7.78034,11.25
1950,2023-05-05,17.7863,7.7795,11.25
1951,2023-05-06,,7.778659,11.25
1952,2023-05-07,,7.777819,11.25
1953,2023-05-08,17.8213,7.776978,11.25
1954,2023-05-09,17.7608,7.776138,11.25
1955,2023-05-10,17.5845,7.775298,11.25
1956,2023-05-11,17.6287,7.776384,11.25
1957,2023-05-12,17.6142,7.777471,11.25
1958,2023-05-13,,7.778557,11.25
1959,2023-05-14,,7.779644,11.25
1960,2023-05-15,17.538,7.780731,11.25
1961,2023-05-16,17.4672,7.781818,11.25
1962,2023-05-17,17.5872,7.782906,11.25
1963,2023-05-18,17.7342,7.783993,11.25
1964,2023-05-19,17.693,7.78508,11.25
1965,2023-05-20,,7.786168,11.25
1966,2023-05-21,,7.787256,11.25
1967,2023-05-22,17.868,7.788344,11.25
1968,2023-05-23,17.9687,7.789432,11.25
1969,2023-05-24,17.8195,7.790521,11.25
1970,2023-05-25,17.8252,7.791609,11.25
1971,2023-05-26,17.6723,7.79006,11.25
1972,2023-05-27,,7.788512,11.25
1973,2023-05-28,,7.786964,11.25
1974,2023-05-29,17.5605,7.785417,11.25
1975,2023-05-30,17.6532,7.783869,11.25
1976,2023-05-31,17.7418,7.782322,11.25
1977,2023-06-01,17.5673,7.780776,11.25
1978,2023-06-02,17.5063,7.779229,11.25
1979,2023-06-03,,7.777683,11.25
1980,2023-06-04,,7.776138,11.25
1981,2023-06-05,17.4732,7.774592,11.25
1982,2023-06-06,17.4192,7.773047,11.25
1983,2023-06-07,17.3608,7.771502,11.25
1984,2023-06-08,17.4085,7.769958,11.25
1985,2023-06-09,17.284,7.768413,11.25
1986,2023-06-10,,7.76687,11.25
1987,2023-06-11,,7.766821,11.25
1988,2023-06-12,17.312,7.766772,11.25
1989,2023-06-13,17.2185,7.766724,11.25
1990,2023-06-14,17.1247,7.766675,11.25
1991,2023-06-15,17.1762,7.766627,11.25
1992,2023-06-16,17.0792,7.766578,11.25
1993,2023-06-17,,7.76653,11.25
1994,2023-06-18,,7.766481,11.25
1995,2023-06-19,17.0945,7.766433,11.25
1996,2023-06-20,17.2043,7.766384,11.25
1997,2023-06-21,17.1547,7.766336,11.25
1998,2023-06-22,17.1713,7.766287,11.25
1999,2023-06-23,17.1795,7.766239,11.25
2000,2023-06-24,,7.76619,11.25
2001,2023-06-25,,7.766142,11.25
2002,2023-06-26,17.1445,7.766267,11.25
2003,2023-06-27,17.1013,7.766392,11.25
2004,2023-06-28,17.072,7.766518,11.25
2005,2023-06-29,17.1187,7.766643,11.25
2006,2023-06-30,17.1358,7.766768,11.25
2007,2023-07-01,,7.766894,11.25
2008,2023-07-02,,7.767019,11.25
2009,2023-07-03,17.0517,7.767144,11.25
2010,2023-07-04,17.026,7.76727,11.25
2011,2023-07-05,17.004,7.767395,11.25
2012,2023-07-06,17.2825,7.76752,11.25
2013,2023-07-07,17.1012,7.767646,11.25
2014,2023-07-08,,7.767771,11.25
2015,2023-07-09,,7.767896,11.25
2016,2023-07-10,17.0605,7.768022,11.25
2017,2023-07-11,17.0783,7.76887,11.25
2018,2023-07-12,16.8537,7.769718,11.25
2019,2023-07-13,16.8905,7.770567,11.25
2020,2023-07-14,16.7892,7.771415,11.25
2021,2023-07-15,,7.772264,11.25
2022,2023-07-16,,7.773113,11.25
2023,2023-07-17,16.7858,7.773961,11.25
2024,2023-07-18,16.748,7.77481,11.25
2025,2023-07-19,16.7667,7.775659,11.25
2026,2023-07-20,16.846,7.776508,11.25
2027,2023-07-21,16.9393,7.777358,11.25
2028,2023-07-22,,7.778207,11.25
2029,2023-07-23,,7.779056,11.25
2030,2023-07-24,16.8367,7.779906,11.25
2031,2023-07-25,16.9075,7.780755,11.25
2032,2023-07-26,16.8825,7.782178,11.25
2033,2023-07-27,16.7338,7.783601,11.25
2034,2023-07-28,16.6895,7.785025,11.25
2035,2023-07-29,,7.786449,11.25
2036,2023-07-30,,7.787873,11.25
2037,2023-07-31,16.7303,7.789297,11.25
2038,2023-08-01,16.8533,7.790722,11.25
2039,2023-08-02,17.0193,7.792146,11.25
2040,2023-08-03,17.2892,7.793571,11.25
2041,2023-08-04,17.0555,7.794997,11.25
2042,2023-08-05,,7.796422,11.25
2043,2023-08-06,,7.797848,11.25
2044,2023-08-07,17.0608,7.799274,11.25
2045,2023-08-08,17.1122,7.800701,11.25
2046,2023-08-09,17.0767,7.802127,11.25
2047,2023-08-10,16.9548,7.803554,11.25
2048,2023-08-11,17.0045,7.804665,11.25
2049,2023-08-12,,7.805776,11.25
2050,2023-08-13,,7.806886,11.25
2051,2023-08-14,17.0672,7.807997,11.25
2052,2023-08-15,17.1388,7.809109,11.25
2053,2023-08-16,17.0768,7.81022,11.25
2054,2023-08-17,17.1225,7.811332,11.25
2055,2023-08-18,17.0477,7.812443,11.25
2056,2023-08-19,,7.813555,11.25
2057,2023-08-20,,7.814667,11.25
2058,2023-08-21,17.0202,7.815779,11.25
2059,2023-08-22,16.9267,7.816891,11.25
2060,2023-08-23,16.8077,7.818004,11.25
2061,2023-08-24,16.809,7.819116,11.25
2062,2023-08-25,16.7718,7.820229,11.25
2063,2023-08-26,,7.821781,11.25
2064,2023-08-27,,7.823333,11.25
2065,2023-08-28,16.7432,7.824885,11.25
2066,2023-08-29,16.8402,7.826437,11.25
2067,2023-08-30,16.7477,7.82799,11.25
2068,2023-08-31,16.917,7.829543,11.25
2069,2023-09-01,17.1113,7.831096,11.25
2070,2023-09-02,,7.83265,11.25
2071,2023-09-03,,7.834204,11.25
2072,2023-09-04,17.175,7.835758,11.25
2073,2023-09-05,17.3492,7.837313,11.25
2074,2023-09-06,17.5805,7.838867,11.25
2075,2023-09-07,17.5543,7.840423,11.25
2076,2023-09-08,17.5767,7.841978,11.25
2077,2023-09-09,,7.843534,11.25
2078,2023-09-10,,7.84509,11.25
2079,2023-09-11,17.3813,7.846426,11.25
2080,2023-09-12,17.2553,7.847763,11.25
2081,2023-09-13,17.1235,7.8491,11.25
2082,2023-09-14,17.1042,7.850437,11.25
2083,2023-09-15,17.0807,7.851774,11.25
2084,2023-09-16,,7.853112,11.25
2085,2023-09-17,,7.85445,11.25
2086,2023-09-18,17.1307,7.855788,11.25
2087,2023-09-19,17.0805,7.857126,11.25
2088,2023-09-20,17.024,7.858465,11.25
2089,2023-09-21,17.1675,7.859803,11.25
2090,2023-09-22,17.1568,7.861142,11.25
2091,2023-09-23,,7.862481,11.25
2092,2023-09-24,,7.863821,11.25
2093,2023-09-25,17.3733,7.865161,11.25
2094,2023-09-26,17.4758,7.866461,11.25
2095,2023-09-27,17.7287,7.867761,11.25
2096,2023-09-28,17.6195,7.869062,11.25
2097,2023-09-29,17.4127,7.870362,11.25
2098,2023-09-30,,7.871663,11.25
2099,2023-10-01,,7.872965,11.25
2100,2023-10-02,17.592,7.874266,11.25
2101,2023-10-03,17.9025,7.875568,11.25
2102,2023-10-04,18.017,7.87687,11.25
2103,2023-10-05,18.2407,7.878172,11.25
2104,2023-10-06,18.1837,7.879474,11.25
2105,2023-10-07,,7.880776,11.25
2106,2023-10-08,,7.882079,11.25
2107,2023-10-09,18.3482,7.883382,11.25
2108,2023-10-10,17.9917,7.884685,11.25
2109,2023-10-11,17.842,7.885384,11.25
2110,2023-10-12,17.9132,7.886083,11.25
2111,2023-10-13,18.0362,7.886782,11.25
2112,2023-10-14,,7.887481,11.25
2113,2023-10-15,,7.88818,11.25
2114,2023-10-16,17.9568,7.88888,11.25
2115,2023-10-17,17.9097,7.889579,11.25
2116,2023-10-18,18.244,7.890278,11.25
2117,2023-10-19,18.2873,7.890978,11.25
2118,2023-10-20,18.2343,7.891677,11.25
2119,2023-10-21,,7.892377,11.25
2120,2023-10-22,,7.893076,11.25
2121,2023-10-23,18.1218,7.893776,11.25
2122,2023-10-24,18.2842,7.894476,11.25
2123,2023-10-25,18.3122,7.895175,11.25
2124,2023-10-26,18.2178,7.896372,11.25
2125,2023-10-27,18.0752,7.897568,11.25
2126,2023-10-28,,7.898765,11.25
2127,2023-10-29,,7.899961,11.25
2128,2023-10-30,18.064,7.901158,11.25
2129,2023-10-31,18.0368,7.902355,11.25
2130,2023-11-01,17.9305,7.903553,11.25
2131,2023-11-02,,7.90475,11.25
2132,2023-11-03,17.4117,7.905948,11.25
2133,2023-11-04,,7.907146,11.25
2134,2023-11-05,,7.908344,11.25
2135,2023-11-06,17.5308,7.909542,11.25
2136,2023-11-07,17.5097,7.91074,11.25
2137,2023-11-08,17.5017,7.911939,11.25
2138,2023-11-09,17.4888,7.913137,11.25
2139,2023-11-10,17.748,7.914336,11.25
2140,2023-11-11,,7.915039,11.25
2141,2023-11-12,,7.915742,11.25
2142,2023-11-13,17.6138,7.916445,11.25
2143,2023-11-14,17.3917,7.917148,11.25
2144,2023-11-15,17.3387,7.917852,11.25
2145,2023-11-16,17.2708,7.918555,11.25
2146,2023-11-17,17.2175,7.919258,11.25
2147,2023-11-18,,7.919962,11.25
2148,2023-11-19,,7.920665,11.25
2149,2023-11-20,,7.921369,11.25
2150,2023-11-21,17.2102,7.922072,11.25
2151,2023-11-22,17.2133,7.922776,11.25
2152,2023-11-23,17.1787,7.923479,11.25
2153,2023-11-24,17.1268,7.924183,11.25
2154,2023-11-25,,7.924887,11.25
2155,2023-11-26,,7.928184,11.25
2156,2023-11-27,17.1555,7.931483,11.25
2157,2023-11-28,17.1357,7.934782,11.25
2158,2023-11-29,17.187,7.938084,11.25
2159,2023-11-30,17.373,7.941386,11.25
2160,2023-12-01,17.2143,7.94469,11.25
2161,2023-12-02,,7.947995,11.25
2162,2023-12-03,,7.951302,11.25
2163,2023-12-04,17.406,7.95461,11.25
2164,2023-12-05,17.4215,7.957919,11.25
2165,2023-12-06,17.2685,7.96123,11.25
2166,2023-12-07,17.4197,7.964542,11.25
2167,2023-12-08,17.3688,7.967856,11.25
2168,2023-12-09,,7.971171,11.25
2169,2023-12-10,,7.974487,11.25
2170,2023-12-11,17.447,7.973929,11.25
2171,2023-12-12,,7.973371,11.25
2172,2023-12-13,17.398,7.972813,11.25
2173,2023-12-14,17.299,7.972255,11.25
2174,2023-12-15,17.1908,7.971697,11.25
2175,2023-12-16,,7.971139,11.25
2176,2023-12-17,,7.970581,11.25
2177,2023-12-18,17.2277,7.970023,11.25
2178,2023-12-19,17.0652,7.969466,11.25
2179,2023-12-20,17.0673,7.968908,11.25
2180,2023-12-21,17.059,7.96835,11.25
2181,2023-12-22,16.9738,7.967792,11.25
2182,2023-12-23,,7.967235,11.25
2183,2023-12-24,,7.966677,11.25
2184,2023-12-25,,7.96612,11.25
2185,2023-12-26,16.9727,7.968698,11.25
2186,2023-12-27,16.922,7.971277,11.25
2187,2023-12-28,16.8935,7.973857,11.25
2188,2023-12-29,16.919,7.976438,11.25
2189,2023-12-30,,7.97902,11.25
2190,2023-12-31,,7.981602,11.25
2191,2024-01-01,,7.984185,11.25
2192,2024-01-02,17.0297,7.98677,11.25
2193,2024-01-03,17.0492,7.989355,11.25
2194,2024-01-04,17.0458,7.991941,11.25
2195,2024-01-05,16.8987,7.994527,11.25
2196,2024-01-06,,7.997115,11.25
2197,2024-01-07,,7.999703,11.25
2198,2024-01-08,16.8133,8.002292,11.25
2199,2024-01-09,16.9347,8.004882,11.25
2200,2024-01-10,16.9912,8.007473,11.25
2201,2024-01-11,16.9898,8.010014,11.25
2202,2024-01-12,16.858,8.012556,11.25
2203,2024-01-13,,8.015099,11.25
2204,2024-01-14,,8.017642,11.25
2205,2024-01-15,16.8983,8.020187,11.25
2206,2024-01-16,17.1598,8.022732,11.25
2207,2024-01-17,17.2957,8.025278,11.25
2208,2024-01-18,17.1995,8.027824,11.25
2209,2024-01-19,17.1325,8.030372,11.25
2210,2024-01-20,,8.03292,11.25
2211,2024-01-21,,8.035469,11.25
2212,2024-01-22,17.1125,8.038019,11.25
2213,2024-01-23,17.352,8.04057,11.25
2214,2024-01-24,17.1673,8.043122,11.25
2215,2024-01-25,17.2375,8.045674,11.25
2216,2024-01-26,17.1657,8.048139,11.25
2217,2024-01-27,,8.050605,11.25
2218,2024-01-28,,8.053072,11.25
2219,2024-01-29,17.2333,8.05554,11.25
2220,2024-01-30,17.1932,8.058008,11.25
2221,2024-01-31,17.1633,8.060477,11.25
2222,2024-02-01,17.1335,8.062947,11.25
2223,2024-02-02,17.1447,8.065417,11.25
2224,2024-02-03,,8.067888,11.25
2225,2024-02-04,,8.07036,11.25
2226,2024-02-05,,8.072833,11.25
2227,2024-02-06,17.0357,8.075307,11.25
2228,2024-02-07,17.0398,8.077781,11.25
2229,2024-02-08,17.1023,8.080256,11.25
2230,2024-02-09,17.0855,8.082732,11.25
2231,2024-02-10,,8.085209,11.25
2232,2024-02-11,,8.086944,11.25
2233,2024-02-12,17.068,8.08868,11.25
2234,2024-02-13,17.1982,8.090417,11.25
2235,2024-02-14,17.1105,8.092153,11.25
2236,2024-02-15,17.068,8.093891,11.25
2237,2024-02-16,17.0602,8.095628,11.25
2238,2024-02-17,,8.097366,11.25
2239,2024-02-18,,8.099104,11.25
2240,2024-02-19,17.05,8.100843,11.25
2241,2024-02-20,17.0458,8.102582,11.25
2242,2024-02-21,17.0603,8.104321,11.25
2243,2024-02-22,17.121,8.106061,11.25
2244,2024-02-23,17.126,8.107801,11.25
2245,2024-02-24,,8.109541,11.25
2246,2024-02-25,,8.111282,11.25
2247,2024-02-26,17.126,8.110715,11.25
2248,2024-02-27,17.0605,8.110147,11.25
2249,2024-02-28,17.0962,8.109579,11.25
2250,2024-02-29,17.0633,8.109012,11.25
2251,2024-03-01,17.0217,8.108444,11.25
2252,2024-03-02,,8.107877,11.25
2253,2024-03-03,,8.10731,11.25
2254,2024-03-04,16.9828,8.106742,11.25
2255,2024-03-05,16.9257,8.106175,11.25
2256,2024-03-06,16.8728,8.105608,11.25
2257,2024-03-07,16.877,8.10504,11.25
2258,2024-03-08,16.7985,8.104473,11.25
2259,2024-03-09,,8.103906,11.25
2260,2024-03-10,,8.103339,11.25
2261,2024-03-11,16.8083,8.103678,11.25
2262,2024-03-12,16.8272,8.104018,11.25
2263,2024-03-13,16.7127,8.104357,11.25
2264,2024-03-14,16.692,8.104697,11.25
2265,2024-03-15,16.71,8.105036,11.25
2266,2024-03-16,,8.105376,11.25
2267,2024-03-17,,8.105715,11.25
2268,2024-03-18,,8.106055,11.25
2269,2024-03-19,16.8523,8.106395,11.25
2270,2024-03-20,16.759,8.106734,11.25
2271,2024-03-21,16.762,8.107074,11.25
2272,2024-03-22,16.7367,8.107413,11.0
2273,2024-03-23,,8.107753,11.0
2274,2024-03-24,,8.108093,11.0
2275,2024-03-25,16.7032,8.108432,11.0
2276,2024-03-26,16.678,8.109802,11.0
2277,2024-03-27,16.5323,8.111173,11.0
2278,2024-03-28,,8.112543,11.0
2279,2024-03-29,,8.113914,11.0
2280,2024-03-30,,8.115285,11.0
2281,2024-03-31,,8.116657,11.0
2282,2024-04-01,16.6578,8.118028,11.0
2283,2024-04-02,16.5673,8.1194,11.0
2284,2024-04-03,16.5415,8.120772,11.0
2285,2024-04-04,16.5173,8.122144,11.0
2286,2024-04-05,16.4758,8.123517,11.0
2287,2024-04-06,,8.124889,11.0
2288,2024-04-07,,8.126262,11.0
2289,2024-04-08,16.3357,8.127636,11.0
2290,2024-04-09,16.3932,8.129009,11.0
2291,2024-04-10,16.4883,8.130383,11.0
2292,2024-04-11,16.4583,8.130225,11.0
2293,2024-04-12,16.6693,8.130067,11.0
2294,2024-04-13,,8.12991,11.0
2295,2024-04-14,,8.129752,11.0
2296,2024-04-15,16.6815,8.129594,11.0
2297,2024-04-16,17.0252,8.129437,11.0
2298,2024-04-17,16.9948,8.129279,11.0
2299,2024-04-18,17.1145,8.129121,11.0
2300,2024-04-19,17.212,8.128964,11.0
2301,2024-04-20,,8.128806,11.0
2302,2024-04-21,,8.128648,11.0
2303,2024-04-22,17.1243,8.128491,11.0
2304,2024-04-23,16.9995,8.128333,11.0
2305,2024-04-24,17.1098,8.128175,11.0
2306,2024-04-25,17.1883,8.128018,11.0
2307,2024-04-26,17.1552,8.128515,11.0
2308,2024-04-27,,8.129012,11.0
2309,2024-04-28,,8.129509,11.0
2310,2024-04-29,17.0243,8.130006,11.0
2311,2024-04-30,17.0958,8.130503,11.0
2312,2024-05-01,,8.131,11.0
2313,2024-05-02,16.9393,8.131497,11.0
2314,2024-05-03,17.0042,8.131995,11.0
2315,2024-05-04,,8.132492,11.0
2316,2024-05-05,,8.132989,11.0
2317,2024-05-06,16.8947,8.133486,11.0
2318,2024-05-07,16.9083,8.133984,11.0
2319,2024-05-08,16.9087,8.134481,11.0
2320,2024-05-09,16.866,8.134979,11.0
2321,2024-05-10,16.769,8.135476,11.0
2322,2024-05-11,,8.136829,11.0
2323,2024-05-12,,8.138181,11.0
2324,2024-05-13,16.8072,8.139535,11.0
2325,2024-05-14,16.846,8.140888,11.0
2326,2024-05-15,16.6782,8.142241,11.0
2327,2024-05-16,16.6893,8.143595,11.0
2328,2024-05-17,16.6217,8.144949,11.0
2329,2024-05-18,,8.146303,11.0
2330,2024-05-19,,8.147658,11.0
2331,2024-05-20,16.5668,8.149012,11.0
2332,2024-05-21,16.6138,8.150367,11.0
2333,2024-05-22,16.6405,8.151722,11.0
2334,2024-05-23,16.6945,8.153078,11.0
2335,2024-05-24,16.7023,8.154433,11.0
2336,2024-05-25,,8.155789,11.0
2337,2024-05-26,,8.154704,11.0
2338,2024-05-27,16.6568,8.153619,11.0
2339,2024-05-28,16.7457,8.152535,11.0
2340,2024-05-29,16.95,8.15145,11.0
2341,2024-05-30,16.9377,8.150366,11.0
2342,2024-05-31,17.0177,8.149281,11.0
2343,2024-06-01,,8.148197,11.0
2344,2024-06-02,,8.147113,11.0
2345,2024-06-03,17.6338,8.14603,11.0
2346,2024-06-04,17.8607,8.144946,11.0
2347,2024-06-05,17.5592,8.143863,11.0
2348,2024-06-06,17.5335,8.142779,11.0
2349,2024-06-07,18.2622,8.141696,11.0
2350,2024-06-08,,8.140613,11.0
2351,2024-06-09,,8.13953,11.0
2352,2024-06-10,18.3848,8.138447,11.0
2353,2024-06-11,18.4457,8.137383,11.0
2354,2024-06-12,18.7832,8.136319,11.0
2355,2024-06-13,18.5385,8.135255,11.0
2356,2024-06-14,18.4512,8.134191,11.0
2357,2024-06-15,,8.133128,11.0
2358,2024-06-16,,8.132064,11.0
2359,2024-06-17,18.5248,8.131001,11.0
2360,2024-06-18,18.4128,8.129938,11.0
2361,2024-06-19,18.423,8.128875,11.0
2362,2024-06-20,18.4027,8.127812,11.0
2363,2024-06-21,18.1848,8.126749,11.0
2364,2024-06-22,,8.125687,11.0
2365,2024-06-23,,8.124624,11.0
2366,2024-06-24,17.9627,8.123562,11.0
2367,2024-06-25,18.1372,8.1225,11.0
2368,2024-06-26,18.2215,8.123635,11.0
2369,2024-06-27,18.3773,8.12477,11.0
2370,2024-06-28,18.2478,8.125905,11.0
2371,2024-06-29,,8.12704,11.0
2372,2024-06-30,,8.128175,11.0
2373,2024-07-01,18.3897,8.129311,11.0
2374,2024-07-02,18.2485,8.130447,11.0
2375,2024-07-03,18.1355,8.131583,11.0
2376,2024-07-04,18.0958,8.132719,11.0
2377,2024-07-05,18.0977,8.133855,11.0
2378,2024-07-06,,8.134991,11.0
2379,2024-07-07,,8.136128,11.0
2380,2024-07-08,18.0095,8.137265,11.0
2381,2024-07-09,17.9428,8.138402,11.0
2382,2024-07-10,17.8288,8.139539,11.0
2383,2024-07-11,17.8192,8.142426,11.0
2384,2024-07-12,17.6502,8.145314,11.0
2385,2024-07-13,,8.148203,11.0
2386,2024-07-14,,8.151093,11.0
2387,2024-07-15,17.7837,8.153985,11.0
2388,2024-07-16,17.6795,8.156877,11.0
2389,2024-07-17,17.7438,8.15977,11.0
2390,2024-07-18,17.8907,8.162665,11.0
2391,2024-07-19,17.997,8.16556,11.0
2392,2024-07-20,,8.168457,11.0
2393,2024-07-21,,8.171354,11.0
2394,2024-07-22,17.9107,8.174252,11.0
2395,2024-07-23,18.0987,8.177152,11.0
2396,2024-07-24,18.3458,8.180052,11.0
2397,2024-07-25,18.385,8.182954,11.0
2398,2024-07-26,18.4475,8.186576,11.0
2399,2024-07-27,,8.1902,11.0
2400,2024-07-28,,8.193826,11.0
2401,2024-07-29,18.6818,8.197453,11.0
2402,2024-07-30,18.79,8.201082,11.0
2403,2024-07-31,18.597,8.204712,11.0
2404,2024-08-01,18.706,8.208344,11.0
2405,2024-08-02,19.0442,8.211977,11.0
2406,2024-08-03,,8.215613,11.0
2407,2024-08-04,,8.219249,11.0
2408,2024-08-05,19.3905,8.222888,11.0
2409,2024-08-06,19.33,8.226528,11.0
2410,2024-08-07,19.189,8.230169,11.0
2411,2024-08-08,19.09,8.233813,11.0
2412,2024-08-09,18.8368,8.237457,10.75
2413,2024-08-10,,8.241104,10.75
2414,2024-08-11,,8.241847,10.75
2415,2024-08-12,19.032,8.242591,10.75
2416,2024-08-13,19.0387,8.243334,10.75
2417,2024-08-14,18.8478,8.244078,10.75
2418,2024-08-15,18.6513,8.244821,10.75
2419,2024-08-16,18.6228,8.245565,10.75
2420,2024-08-17,,8.246309,10.75
2421,2024-08-18,,8.247052,10.75
2422,2024-08-19,18.7357,8.247796,10.75
2423,2024-08-20,18.9448,8.24854,10.75
2424,2024-08-21,19.2535,8.249284,10.75
2425,2024-08-22,19.4235,8.250028,10.75
2426,2024-08-23,19.0708,8.250772,10.75
2427,2024-08-24,,8.251517,10.75
2428,2024-08-25,,8.252261,10.75
2429,2024-08-26,19.382,8.252113,10.75
2430,2024-08-27,19.6692,8.251965,10.75
2431,2024-08-28,19.6037,8.251818,10.75
2432,2024-08-29,19.8168,8.25167,10.75
2433,2024-08-30,19.6535,8.251522,10.75
2434,2024-08-31,,8.251374,10.75
2435,2024-09-01,,8.251226,10.75
2436,2024-09-02,19.798,8.251078,10.75
2437,2024-09-03,19.8335,8.250931,10.75
2438,2024-09-04,19.846,8.250783,10.75
2439,2024-09-05,20.0028,8.250635,10.75
2440,2024-09-06,20.0172,8.250487,10.75
2441,2024-09-07,,8.25034,10.75
2442,2024-09-08,,8.250192,10.75
2443,2024-09-09,19.8798,8.250044,10.75
2444,2024-09-10,20.0583,8.249896,10.75
2445,2024-09-11,19.839,8.249552,10.75
2446,2024-09-12,19.5887,8.249209,10.75
2447,2024-09-13,19.2483,8.248865,10.75
2448,2024-09-14,,8.248521,10.75
2449,2024-09-15,,8.248178,10.75
2450,2024-09-16,,8.247834,10.75
2451,2024-09-17,19.267,8.247491,10.75
2452,2024-09-18,19.3033,8.247147,10.75
2453,2024-09-19,19.2773,8.246803,10.75
2454,2024-09-20,19.3725,8.24646,10.75
2455,2024-09-21,,8.246116,10.75
2456,2024-09-22,,8.245773,10.75
2457,2024-09-23,19.415,8.245429,10.75
2458,2024-09-24,19.3562,8.245086,10.75
2459,2024-09-25,19.587,8.244742,10.75
2460,2024-09-26,19.629,8.245227,10.75
2461,2024-09-27,19.6697,8.245712,10.5
2462,2024-09-28,,8.246197,10.5
2463,2024-09-29,,8.246682,10.5
2464,2024-09-30,19.644,8.247167,10.5
2465,2024-10-01,,8.247652,10.5
2466,2024-10-02,19.3885,8.248137,10.5
2467,2024-10-03,19.4678,8.248622,10.5
2468,2024-10-04,19.2127,8.249107,10.5
2469,2024-10-05,,8.249592,10.5
2470,2024-10-06,,8.250077,10.5
2471,2024-10-07,19.3388,8.250563,10.5
2472,2024-10-08,19.3532,8.251048,10.5
2473,2024-10-09,19.4175,8.251533,10.5
2474,2024-10-10,19.5113,8.252018,10.5
2475,2024-10-11,19.3983,8.251934,10.5
2476,2024-10-12,,8.251849,10.5
2477,2024-10-13,,8.251764,10.5
2478,2024-10-14,19.342,8.251679,10.5
2479,2024-10-15,19.62,8.251594,10.5
2480,2024-10-16,19.8925,8.251509,10.5
2481,2024-10-17,19.9313,8.251424,10.5
2482,2024-10-18,19.8325,8.251339,10.5
2483,2024-10-19,,8.251254,10.5
2484,2024-10-20,,8.251169,10.5
2485,2024-10-21,20.0075,8.251085,10.5
2486,2024-10-22,19.8985,8.251,10.5
2487,2024-10-23,19.9338,8.250915,10.5
2488,2024-10-24,19.8385,8.25083,10.5
2489,2024-10-25,19.9303,8.250745,10.5
2490,2024-10-26,,8.252935,10.5
2491,2024-10-27,,8.255125,10.5
2492,2024-10-28,20.0007,8.257317,10.5
2493,2024-10-29,20.0208,8.259508,10.5
2494,2024-10-30,20.1617,8.2617,10.5
2495,2024-10-31,20.0378,8.263893,10.5
2496,2024-11-01,20.0908,8.266087,10.5
2497,2024-11-02,,8.268281,10.5
2498,2024-11-03,,8.270475,10.5
2499,2024-11-04,20.0367,8.27267,10.5
2500,2024-11-05,20.2695,8.274866,10.5
2501,2024-11-06,20.3093,8.277062,10.5
2502,2024-11-07,19.8277,8.279259,10.5
2503,2024-11-08,20.1332,8.281457,10.5
2504,2024-11-09,,8.283655,10.5
2505,2024-11-10,,8.285853,10.5
2506,2024-11-11,20.4502,8.287299,10.5
2507,2024-11-12,20.5693,8.288744,10.5
2508,2024-11-13,20.6025,8.29019,10.5
2509,2024-11-14,20.494,8.291636,10.5
2510,2024-11-15,20.3887,8.293083,10.25
2511,2024-11-16,,8.29453,10.25
2512,2024-11-17,,8.295977,10.25
2513,2024-11-18,,8.297424,10.25
2514,2024-11-19,20.1848,8.298871,10.25
2515,2024-11-20,20.2903,8.300319,10.25
2516,2024-11-21,20.3775,8.301767,10.25
2517,2024-11-22,20.4872,8.303215,10.25
2518,2024-11-23,,8.304663,10.25
2519,2024-11-24,,8.306112,10.25
2520,2024-11-25,20.2993,8.307561,10.25
2521,2024-11-26,20.7185,8.309591,10.25
2522,2024-11-27,20.6418,8.311621,10.25
2523,2024-11-28,20.4173,8.313652,10.25
2524,2024-11-29,20.3212,8.315683,10.25
2525,2024-11-30,,8.317715,10.25
2526,2024-12-01,,8.319748,10.25
2527,2024-12-02,20.4357,8.32178,10.25
2528,2024-12-03,20.3233,8.323814,10.25
2529,2024-12-04,20.283,8.325848,10.25
2530,2024-12-05,20.1963,8.327882,10.25
2531,2024-12-06,20.2275,8.329917,10.25
2532,2024-12-07,,8.331952,10.25
2533,2024-12-08,,8.333988,10.25
2534,2024-12-09,20.1547,8.336024,10.25
2535,2024-12-10,20.2485,8.338061,10.25
2536,2024-12-11,20.1647,8.337369,10.25
2537,2024-12-12,,8.336678,10.25
2538,2024-12-13,20.142,8.335986,10.25
2539,2024-12-14,,8.335295,10.25
2540,2024-12-15,,8.334603,10.25
2541,2024-12-16,20.1448,8.333912,10.25
2542,2024-12-17,20.2363,8.333221,10.25
2543,2024-12-18,20.1395,8.332529,10.25
2544,2024-12-19,20.4402,8.331838,10.25
2545,2024-12-20,20.1035,8.331147,10.0
2546,2024-12-21,,8.330456,10.0
2547,2024-12-22,,8.329765,10.0
2548,2024-12-23,20.1948,8.329074,10.0
2549,2024-12-24,20.1558,8.328383,10.0
2550,2024-12-25,,8.327692,10.0
2551,2024-12-26,20.1657,8.329893,10.0
2552,2024-12-27,20.2683,8.332095,10.0
2553,2024-12-28,,8.334298,10.0
2554,2024-12-29,,8.336501,10.0
2555,2024-12-30,20.5103,8.338704,10.0
2556,2024-12-31,20.7862,8.340909,10.0
2557,2025-01-01,,8.343113,10.0
2558,2025-01-02,20.6917,8.345319,10.0
2559,2025-01-03,20.6708,8.347525,10.0
2560,2025-01-04,,8.349731,10.0
2561,2025-01-05,,8.351938,10.0
2562,2025-01-06,20.3195,8.354146,10.0
2563,2025-01-07,20.344,8.356354,10.0
2564,2025-01-08,20.3823,8.358563,10.0
2565,2025-01-09,20.4742,8.360772,10.0
2566,2025-01-10,20.7045,8.362982,10.0
2567,2025-01-11,,8.363209,10.0
2568,2025-01-12,,8.363435,10.0
2569,2025-01-13,20.8012,8.363661,10.0
2570,2025-01-14,20.482,8.363888,10.0
2571,2025-01-15,20.4875,8.364114,10.0
2572,2025-01-16,20.7732,8.36434,10.0
2573,2025-01-17,20.718,8.364567,10.0
2574,2025-01-18,,8.364793,10.0
2575,2025-01-19,,8.36502,10.0
2576,2025-01-20,20.543,8.365246,10.0
2577,2025-01-21,20.6358,8.365472,10.0
2578,2025-01-22,20.5397,8.365699,10.0
2579,2025-01-23,20.3943,8.365925,10.0
2580,2025-01-24,20.2255,8.366152,10.0
2581,2025-01-25,,8.366378,10.0
2582,2025-01-26,,8.367438,10.0
2583,2025-01-27,20.7002,8.368498,10.0
2584,2025-01-28,20.5668,8.369559,10.0
2585,2025-01-29,20.5677,8.370619,10.0
2586,2025-01-30,20.4497,8.37168,10.0
2587,2025-01-31,20.6068,8.372741,10.0
2588,2025-02-01,,8.373802,10.0
2589,2025-02-02,,8.374863,10.0
2590,2025-02-03,,8.375924,10.0
2591,2025-02-04,20.4268,8.376985,10.0
2592,2025-02-05,20.6363,8.378047,10.0
2593,2025-02-06,20.5125,8.379108,10.0
2594,2025-02-07,20.5512,8.38017,9.5
2595,2025-02-08,,8.381232,9.5
2596,2025-02-09,,8.382294,9.5
2597,2025-02-10,20.6693,8.383356,9.5
2598,2025-02-11,20.568,8.384051,9.5
2599,2025-02-12,20.4917,8.384746,9.5
2600,2025-02-13,20.4978,8.385441,9.5
2601,2025-02-14,20.3082,8.386136,9.5
2602,2025-02-15,,8.386831,9.5
2603,2025-02-16,,8.387526,9.5
2604,2025-02-17,20.283,8.388222,9.5
2605,2025-02-18,20.2617,8.388917,9.5
2606,2025-02-19,20.4208,8.389612,9.5
2607,2025-02-20,20.3733,8.390308,9.5
2608,2025-02-21,20.3448,8.391003,9.5
2609,2025-02-22,,8.391699,9.5
2610,2025-02-23,,8.392394,9.5
2611,2025-02-24,20.464,8.39309,9.5
2612,2025-02-25,20.4683,8.393785,9.5
2613,2025-02-26,20.4277,8.394727,9.5
2614,2025-02-27,20.4722,8.395669,9.5
2615,2025-02-28,20.508,8.39661,9.5
2616,2025-03-01,,8.397552,9.5
2617,2025-03-02,,8.398494,9.5
2618,2025-03-03,20.4333,8.399436,9.5
2619,2025-03-04,20.8518,8.400379,9.5
2620,2025-03-05,20.3893,8.401321,9.5
2621,2025-03-06,20.2777,8.402263,9.5
2622,2025-03-07,20.283,8.403206,9.5
2623,2025-03-08,,8.404148,9.5
2624,2025-03-09,,8.405091,9.5
2625,2025-03-10,20.2922,8.406034,9.5
2626,2025-03-11,20.3388,8.406806,9.5
2627,2025-03-12,20.1828,8.407577,9.5
2628,2025-03-13,20.0848,8.408349,9.5
2629,2025-03-14,19.8693,8.409121,9.5
2630,2025-03-15,,8.409893,9.5
2631,2025-03-16,,8.410665,9.5
2632,2025-03-17,,8.411437,9.5
2633,2025-03-18,19.9845,8.412209,9.5
2634,2025-03-19,20.0553,8.412981,9.5
2635,2025-03-20,20.1345,8.413753,9.5
2636,2025-03-21,20.2163,8.414525,9.5
2637,2025-03-22,,8.415298,9.5
2638,2025-03-23,,8.41607,9.5
2639,2025-03-24,20.1123,8.416843,9.5
2640,2025-03-25,20.0762,8.417615,9.5
2641,2025-03-26,20.0963,8.418335,9.5
2642,2025-03-27,20.3182,8.419055,9.5
2643,2025-03-28,20.4003,8.419774,9.0
2644,2025-03-29,,8.420494,9.0
2645,2025-03-30,,8.421214,9.0
2646,2025-03-31,20.438,8.421934,9.0
2647,2025-04-01,20.3587,8.422654,9.0
2648,2025-04-02,20.4568,8.423374,9.0
2649,2025-04-03,19.9708,8.424094,9.0
2650,2025-04-04,20.501,8.424814,9.0
2651,2025-04-05,,8.425534,9.0
2652,2025-04-06,,8.426255,9.0
2653,2025-04-07,20.6947,8.426975,9.0
2654,2025-04-08,20.6867,8.427695,9.0
2655,2025-04-09,20.7653,8.428416,9.0
2656,2025-04-10,20.492,8.429136,9.0
2657,2025-04-11,20.3363,8.43034,9.0
2658,2025-04-12,,8.431543,9.0
2659,2025-04-13,,8.432747,9.0
2660,2025-04-14,20.1025,8.433951,9.0
2661,2025-04-15,20.0213,8.435155,9.0
2662,2025-04-16,19.9737,8.436359,9.0
2663,2025-04-17,,8.437564,9.0
2664,2025-04-18,,8.438769,9.0
2665,2025-04-19,,8.439973,9.0
2666,2025-04-20,,8.441178,9.0
2667,2025-04-21,19.6718,8.442383,9.0
2668,2025-04-22,19.5688,8.443589,9.0
2669,2025-04-23,19.6278,8.444794,9.0
2670,2025-04-24,19.5825,8.446,9.0
2671,2025-04-25,19.5478,8.447206,9.0
2672,2025-04-26,,8.447909,9.0
2673,2025-04-27,,8.448612,9.0
2674,2025-04-28,19.5723,8.449315,9.0
2675,2025-04-29,19.5868,8.450018,9.0
2676,2025-04-30,19.6095,8.450721,9.0
2677,2025-05-01,,8.451424,9.0
2678,2025-05-02,19.657,8.452128,9.0
2679,2025-05-03,,8.452831,9.0
2680,2025-05-04,,8.453535,9.0
2681,2025-05-05,19.6365,8.454238,9.0
2682,2025-05-06,19.6785,8.454942,9.0
2683,2025-05-07,19.588,8.455645,9.0
2684,2025-05-08,19.5642,8.456349,9.0
2685,2025-05-09,19.4912,8.457053,9.0
2686,2025-05-10,,8.457756,9.0
2687,2025-05-11,,8.458855,9.0
2688,2025-05-12,19.6162,8.459954,9.0
2689,2025-05-13,19.4373,8.461053,9.0
2690,2025-05-14,19.363,8.462151,9.0
2691,2025-05-15,19.478,8.463251,9.0
2692,2025-05-16,19.5147,8.46435,8.5
2693,2025-05-17,,8.465449,8.5
2694,2025-05-18,,8.466549,8.5
2695,2025-05-19,19.3723,8.467648,8.5
2696,2025-05-20,19.2648,8.468748,8.5
2697,2025-05-21,19.3198,8.469848,8.5
2698,2025-05-22,19.3227,8.470948,8.5
2699,2025-05-23,19.2748,8.472049,8.5
2700,2025-05-24,,8.473149,8.5
2701,2025-05-25,,8.474249,8.5
2702,2025-05-26,19.2188,8.474712,8.5
2703,2025-05-27,19.2338,8.475174,8.5
2704,2025-05-28,19.4,8.475636,8.5
2705,2025-05-29,19.328,8.476098,8.5
2706,2025-05-30,19.3858,8.476561,8.5
2707,2025-05-31,,8.477023,8.5
2708,2025-06-01,,8.477485,8.5
2709,2025-06-02,19.2338,8.477947,8.5
2710,2025-06-03,19.2638,8.47841,8.5
2711,2025-06-04,19.1932,8.478872,8.5
2712,2025-06-05,19.17,8.479335,8.5
2713,2025-06-06,19.1317,8.479797,8.5
2714,2025-06-07,,8.48026,8.5
2715,2025-06-08,,8.480722,8.5
2716,2025-06-09,19.0595,8.481185,8.5
2717,2025-06-10,19.0518,8.481647,8.5
2718,2025-06-11,18.879,8.482729,8.5
2719,2025-06-12,18.9068,8.483812,8.5
2720,2025-06-13,18.9302,8.484895,8.5
2721,2025-06-14,,8.485977,8.5
2722,2025-06-15,,8.48706,8.5
2723,2025-06-16,18.9083,8.488144,8.5
2724,2025-06-17,18.9872,8.489227,8.5
2725,2025-06-18,19.0047,8.49031,8.5
2726,2025-06-19,19.0898,8.491394,8.5
2727,2025-06-20,19.1458,8.492477,8.5
2728,2025-06-21,,8.493561,8.5
2729,2025-06-22,,8.494645,8.5
2730,2025-06-23,19.1527,8.495729,8.5
2731,2025-06-24,19.0267,8.496813,8.5
2732,2025-06-25,18.9203,8.497898,8.5
2733,2025-06-26,18.8928,8.498487,8.5
2734,2025-06-27,18.8483,8.499077,8.0
2735,2025-06-28,,8.499667,8.0
2736,2025-06-29,,8.500257,8.0
2737,2025-06-30,18.8332,8.500847,8.0
2738,2025-07-01,18.765,8.501438,8.0
2739,2025-07-02,18.754,8.502028,8.0
2740,2025-07-03,18.6652,8.502618,8.0
2741,2025-07-04,18.6327,8.503208,8.0
2742,2025-07-05,,8.503798,8.0
2743,2025-07-06,,8.504389,8.0
2744,2025-07-07,18.6698,8.504979,8.0
2745,2025-07-08,18.714,8.505569,8.0
2746,2025-07-09,18.5733,8.50616,8.0
2747,2025-07-10,18.6267,8.50675,8.0
2748,2025-07-11,18.6595,8.507667,8.0
2749,2025-07-12,,8.508584,8.0
2750,2025-07-13,,8.509501,8.0
2751,2025-07-14,18.751,8.510419,8.0
2752,2025-07-15,18.8397,8.511336,8.0
2753,2025-07-16,18.7178,8.512253,8.0
2754,2025-07-17,18.7685,8.513171,8.0
2755,2025-07-18,18.72,8.514089,8.0
2756,2025-07-19,,8.515006,8.0
2757,2025-07-20,,8.515924,8.0
2758,2025-07-21,18.6455,8.516842,8.0
2759,2025-07-22,18.6212,8.51776,8.0
2760,2025-07-23,18.5735,8.518678,8.0
2761,2025-07-24,18.5538,8.519596,8.0
2762,2025-07-25,18.557,8.520515,8.0
2763,2025-07-26,,8.521318,8.0
2764,2025-07-27,,8.522121,8.0
2765,2025-07-28,18.7267,8.522924,8.0
2766,2025-07-29,18.7642,8.523727,8.0
2767,2025-07-30,18.796,8.52453,8.0
2768,2025-07-31,18.7963,8.525333,8.0
2769,2025-08-01,18.916,8.526136,8.0
