fecha,fix,inpc,tasa_obj,fix_var_m,inpc_var_m,tasa_obj_var_m,fix_var_a,inpc_var_a
2018-01-31,18.6069,5.972403,7.25,,,,,
2018-02-28,18.8331,6.00262,7.5,1.2156780549151147,0.5059437549676415,0.25,,
2018-03-31,18.2709,6.021319,7.5,-2.9851697277665457,0.31151397223212474,0.0,,
2018-04-30,18.7878,6.026212,7.5,2.829088879037145,0.08126126518126497,0.0,,
2018-05-31,19.9759,6.005882,7.5,6.323784583612757,-0.3373595220347414,0.0,,
2018-06-30,19.6912,6.012993,7.75,-1.425217386951283,0.11840059461707408,0.25,,
2018-07-31,18.6457,6.040489,7.75,-5.309478345656926,0.45727643454764877,0.0,,
2018-08-31,19.1792,6.071394,7.75,2.861249510611019,0.5116307636682915,0.0,,
2018-09-30,18.7231,6.106995,7.75,-2.3780971051973077,0.5863727506401517,0.0,,
2018-10-31,20.3177,6.13155,7.75,8.516752033584174,0.4020799100048267,0.0,,
2018-11-30,20.3455,6.16767,8.0,0.13682651087476572,0.5890843261491918,0.25,,
2018-12-31,19.6512,6.226631,8.25,-3.412548229338197,0.9559687856192101,0.25,,
2019-01-31,19.0388,6.247595,8.25,-3.116349128806384,0.33668287072092795,0.0,2.3211819271345524,4.607726571699855
2019-02-28,19.2607,6.250861,8.25,1.1655146332752109,0.052276115849370086,0.0,2.270470607600439,4.1355441457230135
2019-03-31,19.3779,6.260628,8.25,0.6084929415857143,0.15625047493457167,0.0,6.058814836707538,3.974361763593648
2019-04-30,19.0099,6.277345,8.25,-1.8990705907244942,0.2670179413311269,0.0,1.1821501186940253,4.167344262033934
2019-05-31,19.6426,6.272488,8.25,3.3282657983471964,-0.07737347556969754,0.0,-1.6685105552190271,4.439081553716839
2019-06-30,19.2087,6.258791,8.25,-2.2089743720281496,-0.21836630058119644,0.0,-2.450333143739325,4.087781243051514
2019-07-31,18.9929,6.274513,8.25,-1.1234492703827037,0.2511986739931027,0.0,1.8620915278053207,3.874255875641852
2019-08-31,20.0696,6.287395,8.0,5.668960506294463,0.20530677042187584,-0.25,4.642529406857432,3.557683787281807
2019-09-30,19.7345,6.291411,7.75,-1.6696894806074836,0.06387383009973657,-0.25,5.401883235148031,3.0197503027266315
2019-10-31,19.1948,6.315951,7.75,-2.73480453013758,0.39005558530511575,0.0,-5.52670823961372,3.007412481346483
2019-11-30,19.5352,6.356099,7.5,1.7733969616771095,0.6356604096516838,-0.25,-3.982698876901536,3.0551083310228933
2019-12-31,18.8642,6.399018,7.25,-3.4348253409230534,0.675241213203237,-0.25,-4.00484448786842,2.768543695619674
2020-01-31,18.9082,6.440216,7.25,0.2332460427688421,0.643817535753155,0.0,-0.6859676030001816,3.0831223854939527
2020-02-29,19.776,6.460353,7.0,4.589543161168175,0.3126758481392322,-0.25,2.675396013644371,3.35141030971573
2020-03-31,23.4847,6.499174,6.5,18.75353964401294,0.6009114362636181,-0.5,21.193214951052486,3.810256734627915
2020-04-30,23.9283,6.437468,6.0,1.8888893620101488,-0.9494437293108282,-0.5,25.87283468087682,2.5508077061241696
2020-05-31,22.1778,6.425677,5.5,-7.315605371045997,-0.18316207552410146,-0.5,12.906641686945708,2.4422366372004234
2020-06-30,23.0893,6.443804,5.0,4.10996582167753,0.2821025706707614,-0.5,20.202304164258898,2.9560501381177273
2020-07-31,22.2012,6.496141,5.0,-3.8463703966772567,0.8122065785985955,0.0,16.892101785404034,3.5321944507884506
2020-08-31,21.888,6.525312,4.5,-1.410734554888915,0.44905121363589817,-0.5,9.060469565910623,3.784031383426667
2020-09-30,22.1438,6.549579,4.25,1.1686769005847752,0.37189026363797506,-0.25,12.208568750158344,4.103499199146254
2020-10-31,21.2508,6.567944,4.25,-4.032731509497001,0.28039970202664577,0.0,10.71123429262093,3.9897871278608665
2020-11-30,20.1398,6.60193,4.25,-5.2280384738456975,0.5174526457594641,0.0,3.094926082149163,3.867639569490655
2020-12-31,19.9087,6.605597,4.25,-1.1474791209446056,0.05554436354218151,0.0,5.536942992546723,3.2282922160869143
2021-01-31,20.2248,6.644764,4.25,1.5877480699392654,0.5929365657638463,0.0,6.9631165314519405,3.1761046523905323
2021-02-28,20.939,6.702835,4.0,3.531308096989849,0.873936230090333,-0.25,5.880865695792892,3.7533862313715805
2021-03-31,20.44,6.748761,4.0,-2.383112851616598,0.6851727664488161,0.0,-12.964611002056659,3.840288011984283
2021-04-30,20.1822,6.791518,4.0,-1.261252446183947,0.6335533292703754,0.0,-15.65552086859492,5.4998331642192255
2021-05-31,19.9213,6.810965,4.0,-1.292723290820641,0.2863424642326029,0.0,-10.174589003417845,5.996068585458003
2021-06-30,19.9062,6.830377,4.25,-0.07579826617740704,0.2850110079849255,0.25,-13.786039420857287,5.999142742392549
2021-07-31,19.8455,6.869301,4.25,-0.3049301222734502,0.5698660557096558,0.0,-10.610687710574195,5.744333443501315
2021-08-31,20.0605,6.900926,4.5,1.0833690257237238,0.46038163126058684,0.25,-8.34932383040936,5.756261156554676
2021-09-30,20.5623,6.922358,4.5,2.5014331646768584,0.3105670166583474,0.0,-7.141953955508984,5.691648272354621
2021-10-31,20.5297,6.97024,4.75,-0.15854257549010597,0.6917007181656887,0.25,-3.3932840175428858,6.125143576132808
2021-11-30,21.4453,7.036693,5.0,4.459880076182321,0.9533818060784016,0.25,6.48218949542696,6.5853924534189145
2021-12-31,20.4672,7.108233,5.5,-4.560906119289543,1.0166707571298117,0.5,2.8053062229075554,7.609244100116919
2022-01-31,20.6352,7.123812,5.5,0.8208255159474875,0.21916839248234954,0.0,2.029191883232473,7.209405781755374
2022-02-28,20.4257,7.176212,6.0,-1.0152554857718932,0.7355612416498403,0.5,-2.451406466402417,7.0623400396996105
2022-03-31,19.9112,7.242651,6.5,-2.5188855216712214,0.9258227042344913,0.5,-2.5870841487279805,7.3182321910644
2022-04-30,20.3728,7.311269,6.5,2.3182932219052654,0.9474155250611904,0.0,0.9443965474527083,7.652942979757982
2022-05-31,19.694,7.330093,7.0,-3.3318935050655862,0.2574655644594692,0.5,-1.1409897948427061,7.6219449079535595
2022-06-30,20.1335,7.361518,7.75,2.2316441555803923,0.42871215958653064,0.75,1.1418553013634147,7.776159354015166
2022-07-31,20.3485,7.426776,7.75,1.0678719547023707,0.88647477327366,0.0,2.534579627623401,8.11545454188134
2022-08-31,20.0962,7.475263,8.5,-1.2398948325429426,0.6528674084151698,0.75,0.1779616659604688,8.322607719601693
2022-09-30,20.0925,7.529183,9.25,-0.0184114409689351,0.7213124140247551,0.75,-2.284763863964634,8.766160317048023
2022-10-31,19.8245,7.569793,9.25,-1.3338310314794155,0.5393679500153015,0.0,-3.4350234051155004,8.6016119961436
2022-11-30,19.3965,7.616082,10.0,-2.1589447400943373,0.6114962456701178,0.75,-9.553608482977626,8.233825178958366
2022-12-31,19.4715,7.646804,10.5,0.38666769778052945,0.40338326189242046,0.5,-4.864856941838647,7.576721247038476
2023-01-31,18.7937,7.685924,10.5,-3.4809850294019395,0.5115862783981351,0.0,-8.924071489493679,7.89060688294414
2023-02-28,18.3448,7.739885,11.0,-2.3885663812873603,0.7020756385309079,0.5,-10.187655747416247,7.8547428643412465
2023-03-31,18.0415,7.774887,11.25,-1.6533295538790238,0.45222894138607916,0.25,-9.390192454497981,7.348635188966024
2023-04-30,17.9975,7.783704,11.25,-0.24388216057423806,0.11340357744107354,0.0,-11.659173015000402,6.461737353665953
2023-05-31,17.7418,7.782322,11.25,-1.4207528823447557,-0.017755043100309287,0.0,-9.912663755458507,6.169485162057287
2023-06-30,17.1358,7.766768,11.25,-3.415662446876877,-0.19986322848116744,0.0,-14.889115156331501,5.5049787285720075
2023-07-31,16.7303,7.789297,11.25,-2.366390830892051,0.2900691767798502,0.0,-17.781163230704976,4.881270150062433
2023-08-31,16.917,7.829543,11.25,1.115939343586203,0.5166833412565852,0.0,-15.819906250933002,4.739365023009889
2023-09-30,17.4127,7.871663,11.25,2.9301885677129436,0.537962432800998,0.0,-13.33731491850193,4.548700702320563
2023-10-31,18.0368,7.902355,11.25,3.5841655802948402,0.3899049031951707,0.0,-9.017629700622976,4.393277332682688
2023-11-30,17.373,7.941386,11.25,-3.6802537035394267,0.4939160541382881,0.0,-10.432294486118622,4.271277541392027
2023-12-31,16.919,7.981602,11.25,-2.613250446094517,0.5064103419730515,0.0,-13.108902755309037,4.378273589855297
2024-01-31,17.1633,8.060477,11.25,1.4439387670666104,0.9882101362608697,0.0,-8.675247556361976,4.873233198767002
2024-02-29,17.0633,8.109012,11.25,-0.5826385368780884,0.6021355808099038,0.0,-6.9856308054598415,4.769153546855032
2024-03-31,16.5323,8.116657,11.0,-3.1119420041844315,0.09427782324160638,-0.25,-8.365158107696146,4.395819514804522
2024-04-30,17.0958,8.130503,11.0,3.4084791589797048,0.17058747215754622,0.0,-5.010140297263499,4.455449487801677
2024-05-31,17.0177,8.149281,11.0,-0.45683735186419216,0.23095742046956858,0.0,-4.081322075550398,4.715289344234286
2024-06-30,18.2478,8.128175,11.0,7.228356358379795,-0.2589921736653733,0.0,6.489338110855636,4.653248300966384
2024-07-31,18.597,8.204712,11.0,1.913655344753895,0.9416258877300354,0.0,11.157600282122871,5.333151374251099
2024-08-31,19.6535,8.251374,10.75,5.681023821046405,0.5687219734221038,-0.25,16.17603594017851,5.387683546791933
2024-09-30,19.644,8.247167,10.5,-0.0483374462564079,-0.050985447999341016,-0.25,12.814210317756558,4.770326168688865
2024-10-31,20.0378,8.263893,10.5,2.0046833638770245,0.20280903733367328,0.0,11.093985629379933,4.575066546618056
2024-11-30,20.3212,8.317715,10.25,1.414326922117204,0.651291104567786,-0.25,16.970010936510672,4.7388327427982935
2024-12-31,20.7862,8.340909,10.0,2.2882506938566527,0.27885062183543585,-0.25,22.857142857142865,4.501690262180458
2025-01-31,20.6068,8.372741,10.0,-0.863072615485283,0.38163706138023556,0.0,20.063158017397598,3.874013907613638
2025-02-28,20.508,8.39661,9.5,-0.47945338431973905,0.28507988005364027,-0.5,20.18777141584569,3.5466466198348368
2025-03-31,20.438,8.421934,9.0,-0.3413302125999662,0.3015979067742647,-0.5,23.624662025247535,3.761117415704529
2025-04-30,19.6095,8.450721,9.0,-4.053723456306868,0.34180985032652433,0.0,14.703611413329586,3.938477115130512
2025-05-31,19.3858,8.477023,8.5,-1.1407736046304184,0.3112397155225155,-0.5,13.915511496853261,4.021729033518429
2025-06-30,18.8332,8.500847,8.0,-2.8505400860423524,0.2810420592229024,-0.5,3.208057957671606,4.584940653959824
2025-07-31,18.7963,8.525333,8.0,-0.19593059065906582,0.2880418857085676,0.0,1.0716782276711134,3.907766658963774
2025-08-31,18.916,8.526136,8.0,0.6368274607236657,0.009418986918152683,0.0,-3.7525122751672746,3.32989390615428
