fecha,valor
2018-01-01,5.936162
2018-01-02,5.937773
2018-01-03,5.939385
2018-01-04,5.940997
2018-01-05,5.942609
2018-01-06,5.944222
2018-01-07,5.945836
2018-01-08,5.947449
2018-01-09,5.949064
2018-01-10,5.950678
2018-01-11,5.95177
2018-01-12,5.952862
2018-01-13,5.953955
2018-01-14,5.955047
2018-01-15,5.95614
2018-01-16,5.957233
2018-01-17,5.958326
2018-01-18,5.959419
2018-01-19,5.960512
2018-01-20,5.961606
2018-01-21,5.9627
2018-01-22,5.963794
2018-01-23,5.964888
2018-01-24,5.965983
2018-01-25,5.967077
2018-01-26,5.967965
2018-01-27,5.968852
2018-01-28,5.96974
2018-01-29,5.970627
2018-01-30,5.971515
2018-01-31,5.972403
2018-02-01,5.973291
2018-02-02,5.974179
2018-02-03,5.975068
2018-02-04,5.975956
2018-02-05,5.976845
2018-02-06,5.977733
2018-02-07,5.978622
2018-02-08,5.979511
2018-02-09,5.9804
2018-02-10,5.98129
2018-02-11,5.982521
2018-02-12,5.983752
2018-02-13,5.984984
2018-02-14,5.986216
2018-02-15,5.987448
2018-02-16,5.988681
2018-02-17,5.989913
2018-02-18,5.991146
2018-02-19,5.992379
2018-02-20,5.993613
2018-02-21,5.994847
2018-02-22,5.996081
2018-02-23,5.997315
2018-02-24,5.998549
2018-02-25,5.999784
2018-02-26,6.000729
2018-02-27,6.001675
2018-02-28,6.00262
2018-03-01,6.003566
2018-03-02,6.004512
2018-03-03,6.005458
2018-03-04,6.006404
2018-03-05,6.00735
2018-03-06,6.008296
2018-03-07,6.009243
2018-03-08,6.010189
2018-03-09,6.011136
2018-03-10,6.012083
2018-03-11,6.012256
2018-03-12,6.012429
2018-03-13,6.012603
2018-03-14,6.012776
2018-03-15,6.012949
2018-03-16,6.013122
2018-03-17,6.013295
2018-03-18,6.013468
2018-03-19,6.013641
2018-03-20,6.013814
2018-03-21,6.013987
2018-03-22,6.01416
2018-03-23,6.014334
2018-03-24,6.014507
2018-03-25,6.01468
2018-03-26,6.015786
2018-03-27,6.016892
2018-03-28,6.017998
2018-03-29,6.019105
2018-03-30,6.020212
2018-03-31,6.021319
2018-04-01,6.022426
2018-04-02,6.023533
2018-04-03,6.024641
2018-04-04,6.025749
2018-04-05,6.026857
2018-04-06,6.027965
2018-04-07,6.029073
2018-04-08,6.030182
2018-04-09,6.031291
2018-04-10,6.0324
2018-04-11,6.032451
2018-04-12,6.032503
2018-04-13,6.032555
2018-04-14,6.032606
2018-04-15,6.032658
2018-04-16,6.03271
2018-04-17,6.032761
2018-04-18,6.032813
2018-04-19,6.032864
2018-04-20,6.032916
2018-04-21,6.032968
2018-04-22,6.033019
2018-04-23,6.033071
2018-04-24,6.033123
2018-04-25,6.033174
2018-04-26,6.031781
2018-04-27,6.030388
2018-04-28,6.028996
2018-04-29,6.027604
2018-04-30,6.026212
2018-05-01,6.02482
2018-05-02,6.023429
2018-05-03,6.022038
2018-05-04,6.020648
2018-05-05,6.019257
2018-05-06,6.017867
2018-05-07,6.016478
2018-05-08,6.015089
2018-05-09,6.0137
2018-05-10,6.012311
2018-05-11,6.01232
2018-05-12,6.012329
2018-05-13,6.012338
2018-05-14,6.012348
2018-05-15,6.012357
2018-05-16,6.012366
2018-05-17,6.012375
2018-05-18,6.012384
2018-05-19,6.012393
2018-05-20,6.012402
2018-05-21,6.012411
2018-05-22,6.01242
2018-05-23,6.012429
2018-05-24,6.012439
2018-05-25,6.012448
2018-05-26,6.011353
2018-05-27,6.010258
2018-05-28,6.009164
2018-05-29,6.00807
2018-05-30,6.006976
2018-05-31,6.005882
2018-06-01,6.004789
2018-06-02,6.003695
2018-06-03,6.002602
2018-06-04,6.001509
2018-06-05,6.000416
2018-06-06,5.999324
2018-06-07,5.998231
2018-06-08,5.997139
2018-06-09,5.996047
2018-06-10,5.994956
2018-06-11,5.995978
2018-06-12,5.997
2018-06-13,5.998023
2018-06-14,5.999045
2018-06-15,6.000068
2018-06-16,6.001091
2018-06-17,6.002115
2018-06-18,6.003138
2018-06-19,6.004162
2018-06-20,6.005185
2018-06-21,6.006209
2018-06-22,6.007233
2018-06-23,6.008258
2018-06-24,6.009282
2018-06-25,6.010307
2018-06-26,6.010844
2018-06-27,6.011381
2018-06-28,6.011918
2018-06-29,6.012456
2018-06-30,6.012993
2018-07-01,6.013531
2018-07-02,6.014068
2018-07-03,6.014606
2018-07-04,6.015143
2018-07-05,6.015681
2018-07-06,6.016218
2018-07-07,6.016756
2018-07-08,6.017294
2018-07-09,6.017832
2018-07-10,6.01837
2018-07-11,6.019358
2018-07-12,6.020347
2018-07-13,6.021337
2018-07-14,6.022326
2018-07-15,6.023316
2018-07-16,6.024305
2018-07-17,6.025295
2018-07-18,6.026285
2018-07-19,6.027275
2018-07-20,6.028266
2018-07-21,6.029256
2018-07-22,6.030247
2018-07-23,6.031238
2018-07-24,6.032229
2018-07-25,6.03322
2018-07-26,6.034431
2018-07-27,6.035642
2018-07-28,6.036853
2018-07-29,6.038065
2018-07-30,6.039277
2018-07-31,6.040489
2018-08-01,6.041702
2018-08-02,6.042915
2018-08-03,6.044128
2018-08-04,6.045341
2018-08-05,6.046554
2018-08-06,6.047768
2018-08-07,6.048982
2018-08-08,6.050196
2018-08-09,6.05141
2018-08-10,6.052625
2018-08-11,6.053356
2018-08-12,6.054088
2018-08-13,6.054819
2018-08-14,6.055551
2018-08-15,6.056282
2018-08-16,6.057014
2018-08-17,6.057746
2018-08-18,6.058478
2018-08-19,6.05921
2018-08-20,6.059942
2018-08-21,6.060674
2018-08-22,6.061406
2018-08-23,6.062138
2018-08-24,6.062871
2018-08-25,6.063603
2018-08-26,6.064901
2018-08-27,6.066199
2018-08-28,6.067498
2018-08-29,6.068796
2018-08-30,6.070095
2018-08-31,6.071394
2018-09-01,6.072694
2018-09-02,6.073994
2018-09-03,6.075294
2018-09-04,6.076594
2018-09-05,6.077894
2018-09-06,6.079195
2018-09-07,6.080496
2018-09-08,6.081798
2018-09-09,6.0831
2018-09-10,6.084401
2018-09-11,6.085604
2018-09-12,6.086808
2018-09-13,6.088011
2018-09-14,6.089215
2018-09-15,6.090419
2018-09-16,6.091623
2018-09-17,6.092827
2018-09-18,6.094032
2018-09-19,6.095237
2018-09-20,6.096442
2018-09-21,6.097647
2018-09-22,6.098853
2018-09-23,6.100059
2018-09-24,6.101265
2018-09-25,6.102471
2018-09-26,6.103376
2018-09-27,6.10428
2018-09-28,6.105185
2018-09-29,6.10609
2018-09-30,6.106995
2018-10-01,6.1079
2018-10-02,6.108806
2018-10-03,6.109711
2018-10-04,6.110617
2018-10-05,6.111523
2018-10-06,6.112429
2018-10-07,6.113335
2018-10-08,6.114241
2018-10-09,6.115147
2018-10-10,6.116054
2018-10-11,6.116478
2018-10-12,6.116902
2018-10-13,6.117326
2018-10-14,6.117751
2018-10-15,6.118175
2018-10-16,6.118599
2018-10-17,6.119024
2018-10-18,6.119448
2018-10-19,6.119873
2018-10-20,6.120297
2018-10-21,6.120722
2018-10-22,6.121146
2018-10-23,6.121571
2018-10-24,6.121996
2018-10-25,6.12242
2018-10-26,6.123941
2018-10-27,6.125462
2018-10-28,6.126983
2018-10-29,6.128505
2018-10-30,6.130027
2018-10-31,6.13155
2018-11-01,6.133073
2018-11-02,6.134596
2018-11-03,6.13612
2018-11-04,6.137644
2018-11-05,6.139168
2018-11-06,6.140693
2018-11-07,6.142218
2018-11-08,6.143744
2018-11-09,6.14527
2018-11-10,6.146796
2018-11-11,6.147349
2018-11-12,6.147903
2018-11-13,6.148457
2018-11-14,6.14901
2018-11-15,6.149564
2018-11-16,6.150117
2018-11-17,6.150671
2018-11-18,6.151225
2018-11-19,6.151779
2018-11-20,6.152333
2018-11-21,6.152887
2018-11-22,6.153441
2018-11-23,6.153995
2018-11-24,6.154549
2018-11-25,6.155103
2018-11-26,6.157614
2018-11-27,6.160127
2018-11-28,6.16264
2018-11-29,6.165154
2018-11-30,6.16767
2018-12-01,6.170186
2018-12-02,6.172703
2018-12-03,6.175222
2018-12-04,6.177741
2018-12-05,6.180262
2018-12-06,6.182783
2018-12-07,6.185306
2018-12-08,6.187829
2018-12-09,6.190354
2018-12-10,6.192879
2018-12-11,6.194256
2018-12-12,6.195632
2018-12-13,6.197009
2018-12-14,6.198386
2018-12-15,6.199764
2018-12-16,6.201142
2018-12-17,6.20252
2018-12-18,6.203898
2018-12-19,6.205277
2018-12-20,6.206656
2018-12-21,6.208036
2018-12-22,6.209415
2018-12-23,6.210795
2018-12-24,6.212176
2018-12-25,6.213556
2018-12-26,6.215733
2018-12-27,6.217911
2018-12-28,6.22009
2018-12-29,6.222269
2018-12-30,6.22445
2018-12-31,6.226631
2019-01-01,6.228812
2019-01-02,6.230995
2019-01-03,6.233178
2019-01-04,6.235362
2019-01-05,6.237547
2019-01-06,6.239733
2019-01-07,6.241919
2019-01-08,6.244106
2019-01-09,6.246294
2019-01-10,6.248483
2019-01-11,6.248252
2019-01-12,6.248022
2019-01-13,6.247791
2019-01-14,6.247561
2019-01-15,6.24733
2019-01-16,6.2471
2019-01-17,6.246869
2019-01-18,6.246639
2019-01-19,6.246409
2019-01-20,6.246178
2019-01-21,6.245948
2019-01-22,6.245717
2019-01-23,6.245487
2019-01-24,6.245257
2019-01-25,6.245026
2019-01-26,6.245454
2019-01-27,6.245882
2019-01-28,6.246311
2019-01-29,6.246739
2019-01-30,6.247167
2019-01-31,6.247595
2019-02-01,6.248023
2019-02-02,6.248451
2019-02-03,6.24888
2019-02-04,6.249308
2019-02-05,6.249736
2019-02-06,6.250165
2019-02-07,6.250593
2019-02-08,6.251021
2019-02-09,6.25145
2019-02-10,6.251878
2019-02-11,6.251907
2019-02-12,6.251935
2019-02-13,6.251963
2019-02-14,6.251991
2019-02-15,6.25202
2019-02-16,6.252048
2019-02-17,6.252076
2019-02-18,6.252105
2019-02-19,6.252133
2019-02-20,6.252161
2019-02-21,6.252189
2019-02-22,6.252218
2019-02-23,6.252246
2019-02-24,6.252274
2019-02-25,6.252303
2019-02-26,6.251822
2019-02-27,6.251341
2019-02-28,6.250861
2019-03-01,6.25038
2019-03-02,6.2499
2019-03-03,6.249419
2019-03-04,6.248939
2019-03-05,6.248459
2019-03-06,6.247978
2019-03-07,6.247498
2019-03-08,6.247018
2019-03-09,6.246537
2019-03-10,6.246057
2019-03-11,6.246627
2019-03-12,6.247196
2019-03-13,6.247766
2019-03-14,6.248336
2019-03-15,6.248906
2019-03-16,6.249476
2019-03-17,6.250046
2019-03-18,6.250616
2019-03-19,6.251186
2019-03-20,6.251756
2019-03-21,6.252326
2019-03-22,6.252896
2019-03-23,6.253466
2019-03-24,6.254036
2019-03-25,6.254607
2019-03-26,6.25561
2019-03-27,6.256613
2019-03-28,6.257617
2019-03-29,6.25862
2019-03-30,6.259624
2019-03-31,6.260628
2019-04-01,6.261632
2019-04-02,6.262636
2019-04-03,6.26364
2019-04-04,6.264645
2019-04-05,6.26565
2019-04-06,6.266654
2019-04-07,6.267659
2019-04-08,6.268665
2019-04-09,6.26967
2019-04-10,6.270675
2019-04-11,6.271168
2019-04-12,6.271661
2019-04-13,6.272154
2019-04-14,6.272647
2019-04-15,6.27314
2019-04-16,6.273633
2019-04-17,6.274127
2019-04-18,6.27462
2019-04-19,6.275113
2019-04-20,6.275606
2019-04-21,6.276099
2019-04-22,6.276593
2019-04-23,6.277086
2019-04-24,6.27758
2019-04-25,6.278073
2019-04-26,6.277927
2019-04-27,6.277782
2019-04-28,6.277636
2019-04-29,6.277491
2019-04-30,6.277345
2019-05-01,6.2772
2019-05-02,6.277054
2019-05-03,6.276909
2019-05-04,6.276763
2019-05-05,6.276618
2019-05-06,6.276472
2019-05-07,6.276327
2019-05-08,6.276181
2019-05-09,6.276036
2019-05-10,6.27589
2019-05-11,6.276137
2019-05-12,6.276383
2019-05-13,6.27663
2019-05-14,6.276876
2019-05-15,6.277123
2019-05-16,6.277369
2019-05-17,6.277616
2019-05-18,6.277863
2019-05-19,6.278109
2019-05-20,6.278356
2019-05-21,6.278602
2019-05-22,6.278849
2019-05-23,6.279096
2019-05-24,6.279342
2019-05-25,6.279589
2019-05-26,6.278405
2019-05-27,6.277221
2019-05-28,6.276037
2019-05-29,6.274854
2019-05-30,6.273671
2019-05-31,6.272488
2019-06-01,6.271305
2019-06-02,6.270123
2019-06-03,6.26894
2019-06-04,6.267758
2019-06-05,6.266576
2019-06-06,6.265395
2019-06-07,6.264213
2019-06-08,6.263032
2019-06-09,6.261851
2019-06-10,6.26067
2019-06-11,6.260533
2019-06-12,6.260396
2019-06-13,6.260258
2019-06-14,6.260121
2019-06-15,6.259983
2019-06-16,6.259846
2019-06-17,6.259708
2019-06-18,6.259571
2019-06-19,6.259433
2019-06-20,6.259296
2019-06-21,6.259159
2019-06-22,6.259021
2019-06-23,6.258884
2019-06-24,6.258746
2019-06-25,6.258609
2019-06-26,6.258645
2019-06-27,6.258682
2019-06-28,6.258718
2019-06-29,6.258754
2019-06-30,6.258791
2019-07-01,6.258827
2019-07-02,6.258863
2019-07-03,6.2589
2019-07-04,6.258936
2019-07-05,6.258973
2019-07-06,6.259009
2019-07-07,6.259045
2019-07-08,6.259082
2019-07-09,6.259118
2019-07-10,6.259155
2019-07-11,6.259752
2019-07-12,6.26035
2019-07-13,6.260948
2019-07-14,6.261546
2019-07-15,6.262144
2019-07-16,6.262743
2019-07-17,6.263341
2019-07-18,6.263939
2019-07-19,6.264537
2019-07-20,6.265136
2019-07-21,6.265734
2019-07-22,6.266333
2019-07-23,6.266931
2019-07-24,6.26753
2019-07-25,6.268129
2019-07-26,6.269192
2019-07-27,6.270256
2019-07-28,6.27132
2019-07-29,6.272384
2019-07-30,6.273448
2019-07-31,6.274513
2019-08-01,6.275577
2019-08-02,6.276642
2019-08-03,6.277707
2019-08-04,6.278772
2019-08-05,6.279838
2019-08-06,6.280903
2019-08-07,6.281969
2019-08-08,6.283035
2019-08-09,6.284101
2019-08-10,6.285167
2019-08-11,6.285434
2019-08-12,6.285701
2019-08-13,6.285968
2019-08-14,6.286234
2019-08-15,6.286501
2019-08-16,6.286768
2019-08-17,6.287035
2019-08-18,6.287301
2019-08-19,6.287568
2019-08-20,6.287835
2019-08-21,6.288102
2019-08-22,6.288369
2019-08-23,6.288636
2019-08-24,6.288903
2019-08-25,6.289169
2019-08-26,6.288874
2019-08-27,6.288578
2019-08-28,6.288282
2019-08-29,6.287987
2019-08-30,6.287691
2019-08-31,6.287395
2019-09-01,6.2871
2019-09-02,6.286804
2019-09-03,6.286509
2019-09-04,6.286213
2019-09-05,6.285917
2019-09-06,6.285622
2019-09-07,6.285326
2019-09-08,6.285031
2019-09-09,6.284735
2019-09-10,6.28444
2019-09-11,6.284662
2019-09-12,6.284884
2019-09-13,6.285107
2019-09-14,6.285329
2019-09-15,6.285551
2019-09-16,6.285774
2019-09-17,6.285996
2019-09-18,6.286218
2019-09-19,6.286441
2019-09-20,6.286663
2019-09-21,6.286885
2019-09-22,6.287108
2019-09-23,6.28733
2019-09-24,6.287552
2019-09-25,6.287775
2019-09-26,6.288502
2019-09-27,6.289229
2019-09-28,6.289956
2019-09-29,6.290683
2019-09-30,6.291411
2019-10-01,6.292138
2019-10-02,6.292866
2019-10-03,6.293593
2019-10-04,6.294321
2019-10-05,6.295049
2019-10-06,6.295777
2019-10-07,6.296505
2019-10-08,6.297233
2019-10-09,6.297961
2019-10-10,6.298689
2019-10-11,6.299214
2019-10-12,6.29974
2019-10-13,6.300265
2019-10-14,6.30079
2019-10-15,6.301316
2019-10-16,6.301841
2019-10-17,6.302367
2019-10-18,6.302892
2019-10-19,6.303418
2019-10-20,6.303943
2019-10-21,6.304469
2019-10-22,6.304995
2019-10-23,6.30552
2019-10-24,6.306046
2019-10-25,6.306572
2019-10-26,6.308134
2019-10-27,6.309697
2019-10-28,6.31126
2019-10-29,6.312823
2019-10-30,6.314387
2019-10-31,6.315951
2019-11-01,6.317516
2019-11-02,6.319081
2019-11-03,6.320646
2019-11-04,6.322212
2019-11-05,6.323778
2019-11-06,6.325345
2019-11-07,6.326912
2019-11-08,6.328479
2019-11-09,6.330047
2019-11-10,6.331615
2019-11-11,6.332289
2019-11-12,6.332964
2019-11-13,6.333639
2019-11-14,6.334313
2019-11-15,6.334988
2019-11-16,6.335663
2019-11-17,6.336338
2019-11-18,6.337013
2019-11-19,6.337688
2019-11-20,6.338364
2019-11-21,6.339039
2019-11-22,6.339714
2019-11-23,6.34039
2019-11-24,6.341065
2019-11-25,6.341741
2019-11-26,6.34461
2019-11-27,6.34748
2019-11-28,6.350352
2019-11-29,6.353225
2019-11-30,6.356099
2019-12-01,6.358975
2019-12-02,6.361852
2019-12-03,6.36473
2019-12-04,6.367609
2019-12-05,6.37049
2019-12-06,6.373372
2019-12-07,6.376256
2019-12-08,6.37914
2019-12-09,6.382026
2019-12-10,6.384914
2019-12-11,6.385294
2019-12-12,6.385673
2019-12-13,6.386053
2019-12-14,6.386433
2019-12-15,6.386813
2019-12-16,6.387193
2019-12-17,6.387573
2019-12-18,6.387953
2019-12-19,6.388333
2019-12-20,6.388713
2019-12-21,6.389093
2019-12-22,6.389473
2019-12-23,6.389853
2019-12-24,6.390233
2019-12-25,6.390613
2019-12-26,6.392013
2019-12-27,6.393414
2019-12-28,6.394814
2019-12-29,6.396215
2019-12-30,6.397616
2019-12-31,6.399018
2020-01-01,6.400419
2020-01-02,6.401821
2020-01-03,6.403224
2020-01-04,6.404626
2020-01-05,6.406029
2020-01-06,6.407433
2020-01-07,6.408836
2020-01-08,6.41024
2020-01-09,6.411644
2020-01-10,6.413049
2020-01-11,6.414429
2020-01-12,6.41581
2020-01-13,6.417191
2020-01-14,6.418572
2020-01-15,6.419954
2020-01-16,6.421336
2020-01-17,6.422718
2020-01-18,6.4241
2020-01-19,6.425483
2020-01-20,6.426866
2020-01-21,6.42825
2020-01-22,6.429633
2020-01-23,6.431017
2020-01-24,6.432402
2020-01-25,6.433786
2020-01-26,6.434857
2020-01-27,6.435929
2020-01-28,6.437
2020-01-29,6.438072
2020-01-30,6.439144
2020-01-31,6.440216
2020-02-01,6.441288
2020-02-02,6.442361
2020-02-03,6.443433
2020-02-04,6.444506
2020-02-05,6.445579
2020-02-06,6.446652
2020-02-07,6.447725
2020-02-08,6.448799
2020-02-09,6.449872
2020-02-10,6.450946
2020-02-11,6.451423
2020-02-12,6.4519
2020-02-13,6.452377
2020-02-14,6.452854
2020-02-15,6.45333
2020-02-16,6.453807
2020-02-17,6.454284
2020-02-18,6.454761
2020-02-19,6.455238
2020-02-20,6.455715
2020-02-21,6.456193
2020-02-22,6.45667
2020-02-23,6.457147
2020-02-24,6.457624
2020-02-25,6.458101
2020-02-26,6.458664
2020-02-27,6.459227
2020-02-28,6.45979
2020-02-29,6.460353
2020-03-01,6.460916
2020-03-02,6.461478
2020-03-03,6.462042
2020-03-04,6.462605
2020-03-05,6.463168
2020-03-06,6.463731
2020-03-07,6.464294
2020-03-08,6.464857
2020-03-09,6.465421
2020-03-10,6.465984
2020-03-11,6.468021
2020-03-12,6.470059
2020-03-13,6.472097
2020-03-14,6.474136
2020-03-15,6.476175
2020-03-16,6.478215
2020-03-17,6.480256
2020-03-18,6.482297
2020-03-19,6.484339
2020-03-20,6.486382
2020-03-21,6.488425
2020-03-22,6.490469
2020-03-23,6.492514
2020-03-24,6.494559
2020-03-25,6.496605
2020-03-26,6.497033
2020-03-27,6.497461
2020-03-28,6.497889
2020-03-29,6.498318
2020-03-30,6.498746
2020-03-31,6.499174
2020-04-01,6.499602
2020-04-02,6.50003
2020-04-03,6.500459
2020-04-04,6.500887
2020-04-05,6.501315
2020-04-06,6.501743
2020-04-07,6.502172
2020-04-08,6.5026
2020-04-09,6.503029
2020-04-10,6.503457
2020-04-11,6.500082
2020-04-12,6.496708
2020-04-13,6.493336
2020-04-14,6.489966
2020-04-15,6.486597
2020-04-16,6.48323
2020-04-17,6.479865
2020-04-18,6.476502
2020-04-19,6.47314
2020-04-20,6.469781
2020-04-21,6.466423
2020-04-22,6.463066
2020-04-23,6.459712
2020-04-24,6.456359
2020-04-25,6.453008
2020-04-26,6.449897
2020-04-27,6.446787
2020-04-28,6.443679
2020-04-29,6.440573
2020-04-30,6.437468
2020-05-01,6.434364
2020-05-02,6.431262
2020-05-03,6.428162
2020-05-04,6.425063
2020-05-05,6.421965
2020-05-06,6.418869
2020-05-07,6.415775
2020-05-08,6.412682
2020-05-09,6.40959
2020-05-10,6.4065
2020-05-11,6.407304
2020-05-12,6.408108
2020-05-13,6.408912
2020-05-14,6.409716
2020-05-15,6.41052
2020-05-16,6.411324
2020-05-17,6.412128
2020-05-18,6.412933
2020-05-19,6.413737
2020-05-20,6.414542
2020-05-21,6.415347
2020-05-22,6.416152
2020-05-23,6.416956
2020-05-24,6.417762
2020-05-25,6.418567
2020-05-26,6.419751
2020-05-27,6.420936
2020-05-28,6.422121
2020-05-29,6.423306
2020-05-30,6.424492
2020-05-31,6.425677
2020-06-01,6.426863
2020-06-02,6.428049
2020-06-03,6.429236
2020-06-04,6.430422
2020-06-05,6.431609
2020-06-06,6.432796
2020-06-07,6.433983
2020-06-08,6.43517
2020-06-09,6.436358
2020-06-10,6.437546
2020-06-11,6.437509
2020-06-12,6.437473
2020-06-13,6.437437
2020-06-14,6.4374
2020-06-15,6.437364
2020-06-16,6.437327
2020-06-17,6.437291
2020-06-18,6.437255
2020-06-19,6.437218
2020-06-20,6.437182
2020-06-21,6.437146
2020-06-22,6.437109
2020-06-23,6.437073
2020-06-24,6.437036
2020-06-25,6.437
2020-06-26,6.43836
2020-06-27,6.439721
2020-06-28,6.441082
2020-06-29,6.442443
2020-06-30,6.443804
2020-07-01,6.445166
2020-07-02,6.446528
2020-07-03,6.44789
2020-07-04,6.449253
2020-07-05,6.450616
2020-07-06,6.451979
2020-07-07,6.453342
2020-07-08,6.454706
2020-07-09,6.45607
2020-07-10,6.457434
2020-07-11,6.459435
2020-07-12,6.461436
2020-07-13,6.463438
2020-07-14,6.465441
2020-07-15,6.467444
2020-07-16,6.469448
2020-07-17,6.471452
2020-07-18,6.473457
2020-07-19,6.475463
2020-07-20,6.477469
2020-07-21,6.479476
2020-07-22,6.481484
2020-07-23,6.483492
2020-07-24,6.4855
2020-07-25,6.48751
2020-07-26,6.488948
2020-07-27,6.490386
2020-07-28,6.491824
2020-07-29,6.493263
2020-07-30,6.494702
2020-07-31,6.496141
2020-08-01,6.497581
2020-08-02,6.49902
2020-08-03,6.500461
2020-08-04,6.501901
2020-08-05,6.503342
2020-08-06,6.504783
2020-08-07,6.506225
2020-08-08,6.507667
2020-08-09,6.509109
2020-08-10,6.510552
2020-08-11,6.511141
2020-08-12,6.511731
2020-08-13,6.512321
2020-08-14,6.512911
2020-08-15,6.513501
2020-08-16,6.514091
2020-08-17,6.514681
2020-08-18,6.515272
2020-08-19,6.515862
2020-08-20,6.516452
2020-08-21,6.517042
2020-08-22,6.517633
2020-08-23,6.518223
2020-08-24,6.518814
2020-08-25,6.519404
2020-08-26,6.520389
2020-08-27,6.521373
2020-08-28,6.522358
2020-08-29,6.523342
2020-08-30,6.524327
2020-08-31,6.525312
2020-09-01,6.526297
2020-09-02,6.527282
2020-09-03,6.528268
2020-09-04,6.529253
2020-09-05,6.530239
2020-09-06,6.531225
2020-09-07,6.532211
2020-09-08,6.533197
2020-09-09,6.534183
2020-09-10,6.53517
2020-09-11,6.535893
2020-09-12,6.536616
2020-09-13,6.537339
2020-09-14,6.538062
2020-09-15,6.538786
2020-09-16,6.539509
2020-09-17,6.540233
2020-09-18,6.540956
2020-09-19,6.54168
2020-09-20,6.542404
2020-09-21,6.543127
2020-09-22,6.543851
2020-09-23,6.544575
2020-09-24,6.545299
2020-09-25,6.546024
2020-09-26,6.546735
2020-09-27,6.547446
2020-09-28,6.548157
2020-09-29,6.548868
2020-09-30,6.549579
2020-10-01,6.55029
2020-10-02,6.551002
2020-10-03,6.551713
2020-10-04,6.552425
2020-10-05,6.553136
2020-10-06,6.553848
2020-10-07,6.55456
2020-10-08,6.555272
2020-10-09,6.555984
2020-10-10,6.556696
2020-10-11,6.556554
2020-10-12,6.556413
2020-10-13,6.556271
2020-10-14,6.55613
2020-10-15,6.555988
2020-10-16,6.555847
2020-10-17,6.555705
2020-10-18,6.555564
2020-10-19,6.555422
2020-10-20,6.555281
2020-10-21,6.555139
2020-10-22,6.554998
2020-10-23,6.554856
2020-10-24,6.554715
2020-10-25,6.554573
2020-10-26,6.5568
2020-10-27,6.559027
2020-10-28,6.561255
2020-10-29,6.563484
2020-10-30,6.565713
2020-10-31,6.567944
2020-11-01,6.570175
2020-11-02,6.572406
2020-11-03,6.574639
2020-11-04,6.576872
2020-11-05,6.579106
2020-11-06,6.581341
2020-11-07,6.583577
2020-11-08,6.585813
2020-11-09,6.58805
2020-11-10,6.590288
2020-11-11,6.590999
2020-11-12,6.59171
2020-11-13,6.592421
2020-11-14,6.593132
2020-11-15,6.593843
2020-11-16,6.594555
2020-11-17,6.595266
2020-11-18,6.595977
2020-11-19,6.596689
2020-11-20,6.597401
2020-11-21,6.598112
2020-11-22,6.598824
2020-11-23,6.599536
2020-11-24,6.600248
2020-11-25,6.60096
2020-11-26,6.601154
2020-11-27,6.601348
2020-11-28,6.601542
2020-11-29,6.601736
2020-11-30,6.60193
2020-12-01,6.602124
2020-12-02,6.602318
2020-12-03,6.602512
2020-12-04,6.602706
2020-12-05,6.6029
2020-12-06,6.603094
2020-12-07,6.603288
2020-12-08,6.603482
2020-12-09,6.603676
2020-12-10,6.60387
2020-12-11,6.60343
2020-12-12,6.602989
2020-12-13,6.602548
2020-12-14,6.602107
2020-12-15,6.601667
2020-12-16,6.601226
2020-12-17,6.600785
2020-12-18,6.600345
2020-12-19,6.599904
2020-12-20,6.599463
2020-12-21,6.599023
2020-12-22,6.598582
2020-12-23,6.598142
2020-12-24,6.597701
2020-12-25,6.597261
2020-12-26,6.59865
2020-12-27,6.600039
2020-12-28,6.601428
2020-12-29,6.602817
2020-12-30,6.604207
2020-12-31,6.605597
2021-01-01,6.606988
2021-01-02,6.608378
2021-01-03,6.609769
2021-01-04,6.611161
2021-01-05,6.612552
2021-01-06,6.613944
2021-01-07,6.615336
2021-01-08,6.616729
2021-01-09,6.618121
2021-01-10,6.619514
2021-01-11,6.620346
2021-01-12,6.621179
2021-01-13,6.622011
2021-01-14,6.622843
2021-01-15,6.623676
2021-01-16,6.624508
2021-01-17,6.625341
2021-01-18,6.626173
2021-01-19,6.627006
2021-01-20,6.627839
2021-01-21,6.628672
2021-01-22,6.629505
2021-01-23,6.630339
2021-01-24,6.631172
2021-01-25,6.632006
2021-01-26,6.63413
2021-01-27,6.636256
2021-01-28,6.638382
2021-01-29,6.640509
2021-01-30,6.642636
2021-01-31,6.644764
2021-02-01,6.646893
2021-02-02,6.649022
2021-02-03,6.651153
2021-02-04,6.653283
2021-02-05,6.655415
2021-02-06,6.657547
2021-02-07,6.65968
2021-02-08,6.661814
2021-02-09,6.663948
2021-02-10,6.666083
2021-02-11,6.668293
2021-02-12,6.670504
2021-02-13,6.672715
2021-02-14,6.674928
2021-02-15,6.677141
2021-02-16,6.679355
2021-02-17,6.681569
2021-02-18,6.683784
2021-02-19,6.686
2021-02-20,6.688217
2021-02-21,6.690434
2021-02-22,6.692653
2021-02-23,6.694871
2021-02-24,6.697091
2021-02-25,6.699312
2021-02-26,6.700486
2021-02-27,6.70166
2021-02-28,6.702835
2021-03-01,6.704009
2021-03-02,6.705184
2021-03-03,6.70636
2021-03-04,6.707535
2021-03-05,6.708711
2021-03-06,6.709886
2021-03-07,6.711062
2021-03-08,6.712239
2021-03-09,6.713415
2021-03-10,6.714592
2021-03-11,6.715976
2021-03-12,6.717361
2021-03-13,6.718746
2021-03-14,6.720132
2021-03-15,6.721517
2021-03-16,6.722903
2021-03-17,6.72429
2021-03-18,6.725676
2021-03-19,6.727063
2021-03-20,6.72845
2021-03-21,6.729837
2021-03-22,6.731225
2021-03-23,6.732613
2021-03-24,6.734001
2021-03-25,6.73539
2021-03-26,6.737617
2021-03-27,6.739844
2021-03-28,6.742072
2021-03-29,6.744301
2021-03-30,6.74653
2021-03-31,6.748761
2021-04-01,6.750992
2021-04-02,6.753224
2021-04-03,6.755456
2021-04-04,6.757689
2021-04-05,6.759923
2021-04-06,6.762158
2021-04-07,6.764394
2021-04-08,6.76663
2021-04-09,6.768867
2021-04-10,6.771105
2021-04-11,6.772368
2021-04-12,6.773632
2021-04-13,6.774896
2021-04-14,6.77616
2021-04-15,6.777425
2021-04-16,6.77869
2021-04-17,6.779955
2021-04-18,6.78122
2021-04-19,6.782486
2021-04-20,6.783751
2021-04-21,6.785017
2021-04-22,6.786284
2021-04-23,6.78755
2021-04-24,6.788817
2021-04-25,6.790084
2021-04-26,6.790371
2021-04-27,6.790658
2021-04-28,6.790944
2021-04-29,6.791231
2021-04-30,6.791518
2021-05-01,6.791805
2021-05-02,6.792092
2021-05-03,6.792379
2021-05-04,6.792666
2021-05-05,6.792953
2021-05-06,6.793241
2021-05-07,6.793528
2021-05-08,6.793815
2021-05-09,6.794102
2021-05-10,6.794389
2021-05-11,6.795503
2021-05-12,6.796618
2021-05-13,6.797733
2021-05-14,6.798848
2021-05-15,6.799963
2021-05-16,6.801078
2021-05-17,6.802194
2021-05-18,6.803309
2021-05-19,6.804425
2021-05-20,6.805541
2021-05-21,6.806658
2021-05-22,6.807774
2021-05-23,6.808891
2021-05-24,6.810007
2021-05-25,6.811124
2021-05-26,6.811098
2021-05-27,6.811071
2021-05-28,6.811045
2021-05-29,6.811018
2021-05-30,6.810992
2021-05-31,6.810965
2021-06-01,6.810939
2021-06-02,6.810912
2021-06-03,6.810886
2021-06-04,6.810859
2021-06-05,6.810833
2021-06-06,6.810806
2021-06-07,6.810779
2021-06-08,6.810753
2021-06-09,6.810726
2021-06-10,6.8107
2021-06-11,6.811492
2021-06-12,6.812283
2021-06-13,6.813075
2021-06-14,6.813867
2021-06-15,6.814659
2021-06-16,6.815451
2021-06-17,6.816244
2021-06-18,6.817036
2021-06-19,6.817828
2021-06-20,6.818621
2021-06-21,6.819413
2021-06-22,6.820206
2021-06-23,6.820999
2021-06-24,6.821792
2021-06-25,6.822585
2021-06-26,6.824142
2021-06-27,6.825701
2021-06-28,6.827259
2021-06-29,6.828818
2021-06-30,6.830377
2021-07-01,6.831937
2021-07-02,6.833497
2021-07-03,6.835058
2021-07-04,6.836618
2021-07-05,6.838179
2021-07-06,6.839741
2021-07-07,6.841303
2021-07-08,6.842865
2021-07-09,6.844427
2021-07-10,6.84599
2021-07-11,6.846915
2021-07-12,6.84784
2021-07-13,6.848765
2021-07-14,6.84969
2021-07-15,6.850615
2021-07-16,6.851541
2021-07-17,6.852467
2021-07-18,6.853392
2021-07-19,6.854318
2021-07-20,6.855244
2021-07-21,6.85617
2021-07-22,6.857096
2021-07-23,6.858023
2021-07-24,6.858949
2021-07-25,6.859876
2021-07-26,6.861446
2021-07-27,6.863016
2021-07-28,6.864587
2021-07-29,6.866158
2021-07-30,6.86773
2021-07-31,6.869301
2021-08-01,6.870874
2021-08-02,6.872446
2021-08-03,6.874019
2021-08-04,6.875592
2021-08-05,6.877166
2021-08-06,6.87874
2021-08-07,6.880314
2021-08-08,6.881889
2021-08-09,6.883464
2021-08-10,6.88504
2021-08-11,6.886134
2021-08-12,6.887228
2021-08-13,6.888323
2021-08-14,6.889418
2021-08-15,6.890513
2021-08-16,6.891608
2021-08-17,6.892703
2021-08-18,6.893799
2021-08-19,6.894894
2021-08-20,6.89599
2021-08-21,6.897086
2021-08-22,6.898182
2021-08-23,6.899279
2021-08-24,6.900375
2021-08-25,6.901472
2021-08-26,6.901381
2021-08-27,6.90129
2021-08-28,6.901199
2021-08-29,6.901108
2021-08-30,6.901017
2021-08-31,6.900926
2021-09-01,6.900835
2021-09-02,6.900744
2021-09-03,6.900653
2021-09-04,6.900562
2021-09-05,6.900472
2021-09-06,6.900381
2021-09-07,6.90029
2021-09-08,6.900199
2021-09-09,6.900108
2021-09-10,6.900017
2021-09-11,6.900861
2021-09-12,6.901705
2021-09-13,6.90255
2021-09-14,6.903394
2021-09-15,6.904239
2021-09-16,6.905083
2021-09-17,6.905928
2021-09-18,6.906773
2021-09-19,6.907618
2021-09-20,6.908463
2021-09-21,6.909308
2021-09-22,6.910153
2021-09-23,6.910999
2021-09-24,6.911844
2021-09-25,6.91269
2021-09-26,6.914622
2021-09-27,6.916555
2021-09-28,6.918489
2021-09-29,6.920423
2021-09-30,6.922358
2021-10-01,6.924293
2021-10-02,6.926229
2021-10-03,6.928165
2021-10-04,6.930102
2021-10-05,6.932039
2021-10-06,6.933977
2021-10-07,6.935916
2021-10-08,6.937855
2021-10-09,6.939794
2021-10-10,6.941734
2021-10-11,6.942696
2021-10-12,6.943657
2021-10-13,6.944618
2021-10-14,6.94558
2021-10-15,6.946542
2021-10-16,6.947503
2021-10-17,6.948465
2021-10-18,6.949427
2021-10-19,6.95039
2021-10-20,6.951352
2021-10-21,6.952314
2021-10-22,6.953277
2021-10-23,6.95424
2021-10-24,6.955203
2021-10-25,6.956166
2021-10-26,6.958509
2021-10-27,6.960854
2021-10-28,6.963199
2021-10-29,6.965545
2021-10-30,6.967892
2021-10-31,6.97024
2021-11-01,6.972588
2021-11-02,6.974938
2021-11-03,6.977288
2021-11-04,6.979638
2021-11-05,6.98199
2021-11-06,6.984342
2021-11-07,6.986696
2021-11-08,6.98905
2021-11-09,6.991405
2021-11-10,6.99376
2021-11-11,6.99554
2021-11-12,6.99732
2021-11-13,6.9991
2021-11-14,7.000881
2021-11-15,7.002662
2021-11-16,7.004444
2021-11-17,7.006226
2021-11-18,7.008009
2021-11-19,7.009792
2021-11-20,7.011576
2021-11-21,7.01336
2021-11-22,7.015144
2021-11-23,7.016929
2021-11-24,7.018715
2021-11-25,7.020501
2021-11-26,7.023736
2021-11-27,7.026973
2021-11-28,7.030212
2021-11-29,7.033452
2021-11-30,7.036693
2021-12-01,7.039936
2021-12-02,7.043181
2021-12-03,7.046427
2021-12-04,7.049675
2021-12-05,7.052924
2021-12-06,7.056174
2021-12-07,7.059426
2021-12-08,7.06268
2021-12-09,7.065935
2021-12-10,7.069191
2021-12-11,7.071611
2021-12-12,7.074031
2021-12-13,7.076453
2021-12-14,7.078875
2021-12-15,7.081298
2021-12-16,7.083722
2021-12-17,7.086146
2021-12-18,7.088572
2021-12-19,7.090998
2021-12-20,7.093425
2021-12-21,7.095853
2021-12-22,7.098282
2021-12-23,7.100711
2021-12-24,7.103142
2021-12-25,7.105573
2021-12-26,7.106016
2021-12-27,7.106459
2021-12-28,7.106903
2021-12-29,7.107346
2021-12-30,7.107789
2021-12-31,7.108233
2022-01-01,7.108676
2022-01-02,7.109119
2022-01-03,7.109563
2022-01-04,7.110006
2022-01-05,7.11045
2022-01-06,7.110893
2022-01-07,7.111337
2022-01-08,7.11178
2022-01-09,7.112224
2022-01-10,7.112667
2022-01-11,7.11272
2022-01-12,7.112772
2022-01-13,7.112825
2022-01-14,7.112878
2022-01-15,7.11293
2022-01-16,7.112983
2022-01-17,7.113035
2022-01-18,7.113088
2022-01-19,7.11314
2022-01-20,7.113193
2022-01-21,7.113245
2022-01-22,7.113298
2022-01-23,7.113351
2022-01-24,7.113403
2022-01-25,7.113456
2022-01-26,7.115181
2022-01-27,7.116906
2022-01-28,7.118632
2022-01-29,7.120358
2022-01-30,7.122085
2022-01-31,7.123812
2022-02-01,7.125539
2022-02-02,7.127267
2022-02-03,7.128996
2022-02-04,7.130724
2022-02-05,7.132453
2022-02-06,7.134183
2022-02-07,7.135913
2022-02-08,7.137644
2022-02-09,7.139374
2022-02-10,7.141106
2022-02-11,7.142978
2022-02-12,7.144851
2022-02-13,7.146724
2022-02-14,7.148598
2022-02-15,7.150472
2022-02-16,7.152346
2022-02-17,7.154222
2022-02-18,7.156097
2022-02-19,7.157973
2022-02-20,7.15985
2022-02-21,7.161727
2022-02-22,7.163605
2022-02-23,7.165483
2022-02-24,7.167362
2022-02-25,7.169241
2022-02-26,7.171564
2022-02-27,7.173887
2022-02-28,7.176212
2022-03-01,7.178537
2022-03-02,7.180863
2022-03-03,7.18319
2022-03-04,7.185517
2022-03-05,7.187846
2022-03-06,7.190175
2022-03-07,7.192504
2022-03-08,7.194835
2022-03-09,7.197166
2022-03-10,7.199498
2022-03-11,7.201499
2022-03-12,7.203501
2022-03-13,7.205503
2022-03-14,7.207506
2022-03-15,7.209509
2022-03-16,7.211513
2022-03-17,7.213518
2022-03-18,7.215523
2022-03-19,7.217528
2022-03-20,7.219535
2022-03-21,7.221541
2022-03-22,7.223548
2022-03-23,7.225556
2022-03-24,7.227565
2022-03-25,7.229574
2022-03-26,7.231752
2022-03-27,7.23393
2022-03-28,7.236109
2022-03-29,7.238289
2022-03-30,7.24047
2022-03-31,7.242651
2022-04-01,7.244833
2022-04-02,7.247016
2022-04-03,7.249199
2022-04-04,7.251383
2022-04-05,7.253567
2022-04-06,7.255753
2022-04-07,7.257938
2022-04-08,7.260125
2022-04-09,7.262312
2022-04-10,7.2645
2022-04-11,7.267354
2022-04-12,7.270209
2022-04-13,7.273066
2022-04-14,7.275923
2022-04-15,7.278782
2022-04-16,7.281642
2022-04-17,7.284503
2022-04-18,7.287365
2022-04-19,7.290228
2022-04-20,7.293092
2022-04-21,7.295957
2022-04-22,7.298824
2022-04-23,7.301692
2022-04-24,7.30456
2022-04-25,7.30743
2022-04-26,7.308198
2022-04-27,7.308965
2022-04-28,7.309733
2022-04-29,7.310501
2022-04-30,7.311269
2022-05-01,7.312036
2022-05-02,7.312804
2022-05-03,7.313572
2022-05-04,7.314341
2022-05-05,7.315109
2022-05-06,7.315877
2022-05-07,7.316646
2022-05-08,7.317414
2022-05-09,7.318183
2022-05-10,7.318951
2022-05-11,7.319811
2022-05-12,7.320672
2022-05-13,7.321532
2022-05-14,7.322393
2022-05-15,7.323254
2022-05-16,7.324115
2022-05-17,7.324976
2022-05-18,7.325837
2022-05-19,7.326698
2022-05-20,7.327559
2022-05-21,7.32842
2022-05-22,7.329282
2022-05-23,7.330143
2022-05-24,7.331005
2022-05-25,7.331867
2022-05-26,7.331571
2022-05-27,7.331275
2022-05-28,7.33098
2022-05-29,7.330684
2022-05-30,7.330388
2022-05-31,7.330093
2022-06-01,7.329797
2022-06-02,7.329501
2022-06-03,7.329206
2022-06-04,7.32891
2022-06-05,7.328615
2022-06-06,7.328319
2022-06-07,7.328024
2022-06-08,7.327728
2022-06-09,7.327433
2022-06-10,7.327137
2022-06-11,7.328622
2022-06-12,7.330108
2022-06-13,7.331594
2022-06-14,7.333081
2022-06-15,7.334567
2022-06-16,7.336054
2022-06-17,7.337542
2022-06-18,7.339029
2022-06-19,7.340517
2022-06-20,7.342005
2022-06-21,7.343494
2022-06-22,7.344983
2022-06-23,7.346472
2022-06-24,7.347961
2022-06-25,7.349451
2022-06-26,7.351863
2022-06-27,7.354275
2022-06-28,7.356689
2022-06-29,7.359103
2022-06-30,7.361518
2022-07-01,7.363934
2022-07-02,7.36635
2022-07-03,7.368768
2022-07-04,7.371186
2022-07-05,7.373605
2022-07-06,7.376025
2022-07-07,7.378445
2022-07-08,7.380866
2022-07-09,7.383288
2022-07-10,7.385711
2022-07-11,7.387652
2022-07-12,7.389594
2022-07-13,7.391535
2022-07-14,7.393478
2022-07-15,7.395421
2022-07-16,7.397364
2022-07-17,7.399308
2022-07-18,7.401252
2022-07-19,7.403197
2022-07-20,7.405143
2022-07-21,7.407089
2022-07-22,7.409035
2022-07-23,7.410982
2022-07-24,7.412929
2022-07-25,7.414877
2022-07-26,7.416859
2022-07-27,7.418842
2022-07-28,7.420824
2022-07-29,7.422808
2022-07-30,7.424792
2022-07-31,7.426776
2022-08-01,7.428761
2022-08-02,7.430747
2022-08-03,7.432733
2022-08-04,7.43472
2022-08-05,7.436707
2022-08-06,7.438695
2022-08-07,7.440683
2022-08-08,7.442672
2022-08-09,7.444661
2022-08-10,7.446651
2022-08-11,7.447777
2022-08-12,7.448904
2022-08-13,7.450031
2022-08-14,7.451158
2022-08-15,7.452286
2022-08-16,7.453413
2022-08-17,7.454541
2022-08-18,7.455668
2022-08-19,7.456796
2022-08-20,7.457925
2022-08-21,7.459053
2022-08-22,7.460182
2022-08-23,7.46131
2022-08-24,7.462439
2022-08-25,7.463568
2022-08-26,7.465516
2022-08-27,7.467464
2022-08-28,7.469413
2022-08-29,7.471363
2022-08-30,7.473313
2022-08-31,7.475263
2022-09-01,7.477214
2022-09-02,7.479166
2022-09-03,7.481118
2022-09-04,7.48307
2022-09-05,7.485023
2022-09-06,7.486977
2022-09-07,7.488931
2022-09-08,7.490885
2022-09-09,7.49284
2022-09-10,7.494796
2022-09-11,7.496406
2022-09-12,7.498017
2022-09-13,7.499628
2022-09-14,7.50124
2022-09-15,7.502852
2022-09-16,7.504464
2022-09-17,7.506076
2022-09-18,7.507689
2022-09-19,7.509303
2022-09-20,7.510916
2022-09-21,7.51253
2022-09-22,7.514144
2022-09-23,7.515759
2022-09-24,7.517374
2022-09-25,7.518989
2022-09-26,7.521027
2022-09-27,7.523065
2022-09-28,7.525104
2022-09-29,7.527143
2022-09-30,7.529183
2022-10-01,7.531223
2022-10-02,7.533264
2022-10-03,7.535305
2022-10-04,7.537347
2022-10-05,7.53939
2022-10-06,7.541433
2022-10-07,7.543476
2022-10-08,7.545521
2022-10-09,7.547565
2022-10-10,7.549611
2022-10-11,7.550128
2022-10-12,7.550645
2022-10-13,7.551162
2022-10-14,7.55168
2022-10-15,7.552197
2022-10-16,7.552714
2022-10-17,7.553232
2022-10-18,7.553749
2022-10-19,7.554266
2022-10-20,7.554784
2022-10-21,7.555302
2022-10-22,7.555819
2022-10-23,7.556337
2022-10-24,7.556854
2022-10-25,7.557372
2022-10-26,7.559441
2022-10-27,7.56151
2022-10-28,7.56358
2022-10-29,7.56565
2022-10-30,7.567721
2022-10-31,7.569793
2022-11-01,7.571865
2022-11-02,7.573938
2022-11-03,7.576011
2022-11-04,7.578085
2022-11-05,7.580159
2022-11-06,7.582234
2022-11-07,7.58431
2022-11-08,7.586386
2022-11-09,7.588463
2022-11-10,7.59054
2022-11-11,7.591303
2022-11-12,7.592067
2022-11-13,7.592831
2022-11-14,7.593594
2022-11-15,7.594358
2022-11-16,7.595122
2022-11-17,7.595886
2022-11-18,7.59665
2022-11-19,7.597414
2022-11-20,7.598178
2022-11-21,7.598942
2022-11-22,7.599707
2022-11-23,7.600471
2022-11-24,7.601236
2022-11-25,7.602
2022-11-26,7.604814
2022-11-27,7.60763
2022-11-28,7.610446
2022-11-29,7.613264
2022-11-30,7.616082
2022-12-01,7.618902
2022-12-02,7.621722
2022-12-03,7.624544
2022-12-04,7.627366
2022-12-05,7.63019
2022-12-06,7.633015
2022-12-07,7.63584
2022-12-08,7.638667
2022-12-09,7.641495
2022-12-10,7.644324
2022-12-11,7.643746
2022-12-12,7.643167
2022-12-13,7.642589
2022-12-14,7.642011
2022-12-15,7.641433
2022-12-16,7.640855
2022-12-17,7.640276
2022-12-18,7.639698
2022-12-19,7.63912
2022-12-20,7.638542
2022-12-21,7.637964
2022-12-22,7.637387
2022-12-23,7.636809
2022-12-24,7.636231
2022-12-25,7.635653
2022-12-26,7.637511
2022-12-27,7.639368
2022-12-28,7.641227
2022-12-29,7.643085
2022-12-30,7.644945
2022-12-31,7.646804
2023-01-01,7.648664
2023-01-02,7.650525
2023-01-03,7.652386
2023-01-04,7.654247
2023-01-05,7.656109
2023-01-06,7.657971
2023-01-07,7.659834
2023-01-08,7.661698
2023-01-09,7.663561
2023-01-10,7.665425
2023-01-11,7.665918
2023-01-12,7.666411
2023-01-13,7.666904
2023-01-14,7.667397
2023-01-15,7.667891
2023-01-16,7.668384
2023-01-17,7.668877
2023-01-18,7.66937
2023-01-19,7.669863
2023-01-20,7.670356
2023-01-21,7.67085
2023-01-22,7.671343
2023-01-23,7.671836
2023-01-24,7.67233
2023-01-25,7.672823
2023-01-26,7.675005
2023-01-27,7.677188
2023-01-28,7.679371
2023-01-29,7.681555
2023-01-30,7.683739
2023-01-31,7.685924
2023-02-01,7.68811
2023-02-02,7.690297
2023-02-03,7.692484
2023-02-04,7.694671
2023-02-05,7.696859
2023-02-06,7.699048
2023-02-07,7.701238
2023-02-08,7.703428
2023-02-09,7.705619
2023-02-10,7.70781
2023-02-11,7.709586
2023-02-12,7.711362
2023-02-13,7.713139
2023-02-14,7.714916
2023-02-15,7.716693
2023-02-16,7.718471
2023-02-17,7.720249
2023-02-18,7.722028
2023-02-19,7.723807
2023-02-20,7.725586
2023-02-21,7.727366
2023-02-22,7.729147
2023-02-23,7.730927
2023-02-24,7.732708
2023-02-25,7.73449
2023-02-26,7.736288
2023-02-27,7.738086
2023-02-28,7.739885
2023-03-01,7.741684
2023-03-02,7.743484
2023-03-03,7.745284
2023-03-04,7.747084
2023-03-05,7.748885
2023-03-06,7.750686
2023-03-07,7.752488
2023-03-08,7.75429
2023-03-09,7.756092
2023-03-10,7.757895
2023-03-11,7.75874
2023-03-12,7.759584
2023-03-13,7.760428
2023-03-14,7.761273
2023-03-15,7.762117
2023-03-16,7.762962
2023-03-17,7.763807
2023-03-18,7.764652
2023-03-19,7.765497
2023-03-20,7.766342
2023-03-21,7.767187
2023-03-22,7.768032
2023-03-23,7.768877
2023-03-24,7.769723
2023-03-25,7.770568
2023-03-26,7.771288
2023-03-27,7.772007
2023-03-28,7.772727
2023-03-29,7.773447
2023-03-30,7.774167
2023-03-31,7.774887
2023-04-01,7.775607
2023-04-02,7.776327
2023-04-03,7.777047
2023-04-04,7.777767
2023-04-05,7.778487
2023-04-06,7.779207
2023-04-07,7.779928
2023-04-08,7.780648
2023-04-09,7.781369
2023-04-10,7.782089
2023-04-11,7.782477
2023-04-12,7.782865
2023-04-13,7.783253
2023-04-14,7.783641
2023-04-15,7.784029
2023-04-16,7.784417
2023-04-17,7.784805
2023-04-18,7.785193
2023-04-19,7.785581
2023-04-20,7.785969
2023-04-21,7.786358
2023-04-22,7.786746
2023-04-23,7.787134
2023-04-24,7.787522
2023-04-25,7.78791
2023-04-26,7.787069
2023-04-27,7.786227
2023-04-28,7.785386
2023-04-29,7.784545
2023-04-30,7.783704
2023-05-01,7.782863
2023-05-02,7.782022
2023-05-03,7.781181
2023-05-04,7.78034
2023-05-05,7.7795
2023-05-06,7.778659
2023-05-07,7.777819
2023-05-08,7.776978
2023-05-09,7.776138
2023-05-10,7.775298
2023-05-11,7.776384
2023-05-12,7.777471
2023-05-13,7.778557
2023-05-14,7.779644
2023-05-15,7.780731
2023-05-16,7.781818
2023-05-17,7.782906
2023-05-18,7.783993
2023-05-19,7.78508
2023-05-20,7.786168
2023-05-21,7.787256
2023-05-22,7.788344
2023-05-23,7.789432
2023-05-24,7.790521
2023-05-25,7.791609
2023-05-26,7.79006
2023-05-27,7.788512
2023-05-28,7.786964
2023-05-29,7.785417
2023-05-30,7.783869
2023-05-31,7.782322
2023-06-01,7.780776
2023-06-02,7.779229
2023-06-03,7.777683
2023-06-04,7.776138
2023-06-05,7.774592
2023-06-06,7.773047
2023-06-07,7.771502
2023-06-08,7.769958
2023-06-09,7.768413
2023-06-10,7.76687
2023-06-11,7.766821
2023-06-12,7.766772
2023-06-13,7.766724
2023-06-14,7.766675
2023-06-15,7.766627
2023-06-16,7.766578
2023-06-17,7.76653
2023-06-18,7.766481
2023-06-19,7.766433
2023-06-20,7.766384
2023-06-21,7.766336
2023-06-22,7.766287
2023-06-23,7.766239
2023-06-24,7.76619
2023-06-25,7.766142
2023-06-26,7.766267
2023-06-27,7.766392
2023-06-28,7.766518
2023-06-29,7.766643
2023-06-30,7.766768
2023-07-01,7.766894
2023-07-02,7.767019
2023-07-03,7.767144
2023-07-04,7.76727
2023-07-05,7.767395
2023-07-06,7.76752
2023-07-07,7.767646
2023-07-08,7.767771
2023-07-09,7.767896
2023-07-10,7.768022
2023-07-11,7.76887
2023-07-12,7.769718
2023-07-13,7.770567
2023-07-14,7.771415
2023-07-15,7.772264
2023-07-16,7.773113
2023-07-17,7.773961
2023-07-18,7.77481
2023-07-19,7.775659
2023-07-20,7.776508
2023-07-21,7.777358
2023-07-22,7.778207
2023-07-23,7.779056
2023-07-24,7.779906
2023-07-25,7.780755
2023-07-26,7.782178
2023-07-27,7.783601
2023-07-28,7.785025
2023-07-29,7.786449
2023-07-30,7.787873
2023-07-31,7.789297
2023-08-01,7.790722
2023-08-02,7.792146
2023-08-03,7.793571
2023-08-04,7.794997
2023-08-05,7.796422
2023-08-06,7.797848
2023-08-07,7.799274
2023-08-08,7.800701
2023-08-09,7.802127
2023-08-10,7.803554
2023-08-11,7.804665
2023-08-12,7.805776
2023-08-13,7.806886
2023-08-14,7.807997
2023-08-15,7.809109
2023-08-16,7.81022
2023-08-17,7.811332
2023-08-18,7.812443
2023-08-19,7.813555
2023-08-20,7.814667
2023-08-21,7.815779
2023-08-22,7.816891
2023-08-23,7.818004
2023-08-24,7.819116
2023-08-25,7.820229
2023-08-26,7.821781
2023-08-27,7.823333
2023-08-28,7.824885
2023-08-29,7.826437
2023-08-30,7.82799
2023-08-31,7.829543
2023-09-01,7.831096
2023-09-02,7.83265
2023-09-03,7.834204
2023-09-04,7.835758
2023-09-05,7.837313
2023-09-06,7.838867
2023-09-07,7.840423
2023-09-08,7.841978
2023-09-09,7.843534
2023-09-10,7.84509
2023-09-11,7.846426
2023-09-12,7.847763
2023-09-13,7.8491
2023-09-14,7.850437
2023-09-15,7.851774
2023-09-16,7.853112
2023-09-17,7.85445
2023-09-18,7.855788
2023-09-19,7.857126
2023-09-20,7.858465
2023-09-21,7.859803
2023-09-22,7.861142
2023-09-23,7.862481
2023-09-24,7.863821
2023-09-25,7.865161
2023-09-26,7.866461
2023-09-27,7.867761
2023-09-28,7.869062
2023-09-29,7.870362
2023-09-30,7.871663
2023-10-01,7.872965
2023-10-02,7.874266
2023-10-03,7.875568
2023-10-04,7.87687
2023-10-05,7.878172
2023-10-06,7.879474
2023-10-07,7.880776
2023-10-08,7.882079
2023-10-09,7.883382
2023-10-10,7.884685
2023-10-11,7.885384
2023-10-12,7.886083
2023-10-13,7.886782
2023-10-14,7.887481
2023-10-15,7.88818
2023-10-16,7.88888
2023-10-17,7.889579
2023-10-18,7.890278
2023-10-19,7.890978
2023-10-20,7.891677
2023-10-21,7.892377
2023-10-22,7.893076
2023-10-23,7.893776
2023-10-24,7.894476
2023-10-25,7.895175
2023-10-26,7.896372
2023-10-27,7.897568
2023-10-28,7.898765
2023-10-29,7.899961
2023-10-30,7.901158
2023-10-31,7.902355
2023-11-01,7.903553
2023-11-02,7.90475
2023-11-03,7.905948
2023-11-04,7.907146
2023-11-05,7.908344
2023-11-06,7.909542
2023-11-07,7.91074
2023-11-08,7.911939
2023-11-09,7.913137
2023-11-10,7.914336
2023-11-11,7.915039
2023-11-12,7.915742
2023-11-13,7.916445
2023-11-14,7.917148
2023-11-15,7.917852
2023-11-16,7.918555
2023-11-17,7.919258
2023-11-18,7.919962
2023-11-19,7.920665
2023-11-20,7.921369
2023-11-21,7.922072
2023-11-22,7.922776
2023-11-23,7.923479
2023-11-24,7.924183
2023-11-25,7.924887
2023-11-26,7.928184
2023-11-27,7.931483
2023-11-28,7.934782
2023-11-29,7.938084
2023-11-30,7.941386
2023-12-01,7.94469
2023-12-02,7.947995
2023-12-03,7.951302
2023-12-04,7.95461
2023-12-05,7.957919
2023-12-06,7.96123
2023-12-07,7.964542
2023-12-08,7.967856
2023-12-09,7.971171
2023-12-10,7.974487
2023-12-11,7.973929
2023-12-12,7.973371
2023-12-13,7.972813
2023-12-14,7.972255
2023-12-15,7.971697
2023-12-16,7.971139
2023-12-17,7.970581
2023-12-18,7.970023
2023-12-19,7.969466
2023-12-20,7.968908
2023-12-21,7.96835
2023-12-22,7.967792
2023-12-23,7.967235
2023-12-24,7.966677
2023-12-25,7.96612
2023-12-26,7.968698
2023-12-27,7.971277
2023-12-28,7.973857
2023-12-29,7.976438
2023-12-30,7.97902
2023-12-31,7.981602
2024-01-01,7.984185
2024-01-02,7.98677
2024-01-03,7.989355
2024-01-04,7.991941
2024-01-05,7.994527
2024-01-06,7.997115
2024-01-07,7.999703
2024-01-08,8.002292
2024-01-09,8.004882
2024-01-10,8.007473
2024-01-11,8.010014
2024-01-12,8.012556
2024-01-13,8.015099
2024-01-14,8.017642
2024-01-15,8.020187
2024-01-16,8.022732
2024-01-17,8.025278
2024-01-18,8.027824
2024-01-19,8.030372
2024-01-20,8.03292
2024-01-21,8.035469
2024-01-22,8.038019
2024-01-23,8.04057
2024-01-24,8.043122
2024-01-25,8.045674
2024-01-26,8.048139
2024-01-27,8.050605
2024-01-28,8.053072
2024-01-29,8.05554
2024-01-30,8.058008
2024-01-31,8.060477
2024-02-01,8.062947
2024-02-02,8.065417
2024-02-03,8.067888
2024-02-04,8.07036
2024-02-05,8.072833
2024-02-06,8.075307
2024-02-07,8.077781
2024-02-08,8.080256
2024-02-09,8.082732
2024-02-10,8.085209
2024-02-11,8.086944
2024-02-12,8.08868
2024-02-13,8.090417
2024-02-14,8.092153
2024-02-15,8.093891
2024-02-16,8.095628
2024-02-17,8.097366
2024-02-18,8.099104
2024-02-19,8.100843
2024-02-20,8.102582
2024-02-21,8.104321
2024-02-22,8.106061
2024-02-23,8.107801
2024-02-24,8.109541
2024-02-25,8.111282
2024-02-26,8.110715
2024-02-27,8.110147
2024-02-28,8.109579
2024-02-29,8.109012
2024-03-01,8.108444
2024-03-02,8.107877
2024-03-03,8.10731
2024-03-04,8.106742
2024-03-05,8.106175
2024-03-06,8.105608
2024-03-07,8.10504
2024-03-08,8.104473
2024-03-09,8.103906
2024-03-10,8.103339
2024-03-11,8.103678
2024-03-12,8.104018
2024-03-13,8.104357
2024-03-14,8.104697
2024-03-15,8.105036
2024-03-16,8.105376
2024-03-17,8.105715
2024-03-18,8.106055
2024-03-19,8.106395
2024-03-20,8.106734
2024-03-21,8.107074
2024-03-22,8.107413
2024-03-23,8.107753
2024-03-24,8.108093
2024-03-25,8.108432
2024-03-26,8.109802
2024-03-27,8.111173
2024-03-28,8.112543
2024-03-29,8.113914
2024-03-30,8.115285
2024-03-31,8.116657
2024-04-01,8.118028
2024-04-02,8.1194
2024-04-03,8.120772
2024-04-04,8.122144
2024-04-05,8.123517
2024-04-06,8.124889
2024-04-07,8.126262
2024-04-08,8.127636
2024-04-09,8.129009
2024-04-10,8.130383
2024-04-11,8.130225
2024-04-12,8.130067
2024-04-13,8.12991
2024-04-14,8.129752
2024-04-15,8.129594
2024-04-16,8.129437
2024-04-17,8.129279
2024-04-18,8.129121
2024-04-19,8.128964
2024-04-20,8.128806
2024-04-21,8.128648
2024-04-22,8.128491
2024-04-23,8.128333
2024-04-24,8.128175
2024-04-25,8.128018
2024-04-26,8.128515
2024-04-27,8.129012
2024-04-28,8.129509
2024-04-29,8.130006
2024-04-30,8.130503
2024-05-01,8.131
2024-05-02,8.131497
2024-05-03,8.131995
2024-05-04,8.132492
2024-05-05,8.132989
2024-05-06,8.133486
2024-05-07,8.133984
2024-05-08,8.134481
2024-05-09,8.134979
2024-05-10,8.135476
2024-05-11,8.136829
2024-05-12,8.138181
2024-05-13,8.139535
2024-05-14,8.140888
2024-05-15,8.142241
2024-05-16,8.143595
2024-05-17,8.144949
2024-05-18,8.146303
2024-05-19,8.147658
2024-05-20,8.149012
2024-05-21,8.150367
2024-05-22,8.151722
2024-05-23,8.153078
2024-05-24,8.154433
2024-05-25,8.155789
2024-05-26,8.154704
2024-05-27,8.153619
2024-05-28,8.152535
2024-05-29,8.15145
2024-05-30,8.150366
2024-05-31,8.149281
2024-06-01,8.148197
2024-06-02,8.147113
2024-06-03,8.14603
2024-06-04,8.144946
2024-06-05,8.143863
2024-06-06,8.142779
2024-06-07,8.141696
2024-06-08,8.140613
2024-06-09,8.13953
2024-06-10,8.138447
2024-06-11,8.137383
2024-06-12,8.136319
2024-06-13,8.135255
2024-06-14,8.134191
2024-06-15,8.133128
2024-06-16,8.132064
2024-06-17,8.131001
2024-06-18,8.129938
2024-06-19,8.128875
2024-06-20,8.127812
2024-06-21,8.126749
2024-06-22,8.125687
2024-06-23,8.124624
2024-06-24,8.123562
2024-06-25,8.1225
2024-06-26,8.123635
2024-06-27,8.12477
2024-06-28,8.125905
2024-06-29,8.12704
2024-06-30,8.128175
2024-07-01,8.129311
2024-07-02,8.130447
2024-07-03,8.131583
2024-07-04,8.132719
2024-07-05,8.133855
2024-07-06,8.134991
2024-07-07,8.136128
2024-07-08,8.137265
2024-07-09,8.138402
2024-07-10,8.139539
2024-07-11,8.142426
2024-07-12,8.145314
2024-07-13,8.148203
2024-07-14,8.151093
2024-07-15,8.153985
2024-07-16,8.156877
2024-07-17,8.15977
2024-07-18,8.162665
2024-07-19,8.16556
2024-07-20,8.168457
2024-07-21,8.171354
2024-07-22,8.174252
2024-07-23,8.177152
2024-07-24,8.180052
2024-07-25,8.182954
2024-07-26,8.186576
2024-07-27,8.1902
2024-07-28,8.193826
2024-07-29,8.197453
2024-07-30,8.201082
2024-07-31,8.204712
2024-08-01,8.208344
2024-08-02,8.211977
2024-08-03,8.215613
2024-08-04,8.219249
2024-08-05,8.222888
2024-08-06,8.226528
2024-08-07,8.230169
2024-08-08,8.233813
2024-08-09,8.237457
2024-08-10,8.241104
2024-08-11,8.241847
2024-08-12,8.242591
2024-08-13,8.243334
2024-08-14,8.244078
2024-08-15,8.244821
2024-08-16,8.245565
2024-08-17,8.246309
2024-08-18,8.247052
2024-08-19,8.247796
2024-08-20,8.24854
2024-08-21,8.249284
2024-08-22,8.250028
2024-08-23,8.250772
2024-08-24,8.251517
2024-08-25,8.252261
2024-08-26,8.252113
2024-08-27,8.251965
2024-08-28,8.251818
2024-08-29,8.25167
2024-08-30,8.251522
2024-08-31,8.251374
2024-09-01,8.251226
2024-09-02,8.251078
2024-09-03,8.250931
2024-09-04,8.250783
2024-09-05,8.250635
2024-09-06,8.250487
2024-09-07,8.25034
2024-09-08,8.250192
2024-09-09,8.250044
2024-09-10,8.249896
2024-09-11,8.249552
2024-09-12,8.249209
2024-09-13,8.248865
2024-09-14,8.248521
2024-09-15,8.248178
2024-09-16,8.247834
2024-09-17,8.247491
2024-09-18,8.247147
2024-09-19,8.246803
2024-09-20,8.24646
2024-09-21,8.246116
2024-09-22,8.245773
2024-09-23,8.245429
2024-09-24,8.245086
2024-09-25,8.244742
2024-09-26,8.245227
2024-09-27,8.245712
2024-09-28,8.246197
2024-09-29,8.246682
2024-09-30,8.247167
2024-10-01,8.247652
2024-10-02,8.248137
2024-10-03,8.248622
2024-10-04,8.249107
2024-10-05,8.249592
2024-10-06,8.250077
2024-10-07,8.250563
2024-10-08,8.251048
2024-10-09,8.251533
2024-10-10,8.252018
2024-10-11,8.251934
2024-10-12,8.251849
2024-10-13,8.251764
2024-10-14,8.251679
2024-10-15,8.251594
2024-10-16,8.251509
2024-10-17,8.251424
2024-10-18,8.251339
2024-10-19,8.251254
2024-10-20,8.251169
2024-10-21,8.251085
2024-10-22,8.251
2024-10-23,8.250915
2024-10-24,8.25083
2024-10-25,8.250745
2024-10-26,8.252935
2024-10-27,8.255125
2024-10-28,8.257317
2024-10-29,8.259508
2024-10-30,8.2617
2024-10-31,8.263893
2024-11-01,8.266087
2024-11-02,8.268281
2024-11-03,8.270475
2024-11-04,8.27267
2024-11-05,8.274866
2024-11-06,8.277062
2024-11-07,8.279259
2024-11-08,8.281457
2024-11-09,8.283655
2024-11-10,8.285853
2024-11-11,8.287299
2024-11-12,8.288744
2024-11-13,8.29019
2024-11-14,8.291636
2024-11-15,8.293083
2024-11-16,8.29453
2024-11-17,8.295977
2024-11-18,8.297424
2024-11-19,8.298871
2024-11-20,8.300319
2024-11-21,8.301767
2024-11-22,8.303215
2024-11-23,8.304663
2024-11-24,8.306112
2024-11-25,8.307561
2024-11-26,8.309591
2024-11-27,8.311621
2024-11-28,8.313652
2024-11-29,8.315683
2024-11-30,8.317715
2024-12-01,8.319748
2024-12-02,8.32178
2024-12-03,8.323814
2024-12-04,8.325848
2024-12-05,8.327882
2024-12-06,8.329917
2024-12-07,8.331952
2024-12-08,8.333988
2024-12-09,8.336024
2024-12-10,8.338061
2024-12-11,8.337369
2024-12-12,8.336678
2024-12-13,8.335986
2024-12-14,8.335295
2024-12-15,8.334603
2024-12-16,8.333912
2024-12-17,8.333221
2024-12-18,8.332529
2024-12-19,8.331838
2024-12-20,8.331147
2024-12-21,8.330456
2024-12-22,8.329765
2024-12-23,8.329074
2024-12-24,8.328383
2024-12-25,8.327692
2024-12-26,8.329893
2024-12-27,8.332095
2024-12-28,8.334298
2024-12-29,8.336501
2024-12-30,8.338704
2024-12-31,8.340909
2025-01-01,8.343113
2025-01-02,8.345319
2025-01-03,8.347525
2025-01-04,8.349731
2025-01-05,8.351938
2025-01-06,8.354146
2025-01-07,8.356354
2025-01-08,8.358563
2025-01-09,8.360772
2025-01-10,8.362982
2025-01-11,8.363209
2025-01-12,8.363435
2025-01-13,8.363661
2025-01-14,8.363888
2025-01-15,8.364114
2025-01-16,8.36434
2025-01-17,8.364567
2025-01-18,8.364793
2025-01-19,8.36502
2025-01-20,8.365246
2025-01-21,8.365472
2025-01-22,8.365699
2025-01-23,8.365925
2025-01-24,8.366152
2025-01-25,8.366378
2025-01-26,8.367438
2025-01-27,8.368498
2025-01-28,8.369559
2025-01-29,8.370619
2025-01-30,8.37168
2025-01-31,8.372741
2025-02-01,8.373802
2025-02-02,8.374863
2025-02-03,8.375924
2025-02-04,8.376985
2025-02-05,8.378047
2025-02-06,8.379108
2025-02-07,8.38017
2025-02-08,8.381232
2025-02-09,8.382294
2025-02-10,8.383356
2025-02-11,8.384051
2025-02-12,8.384746
2025-02-13,8.385441
2025-02-14,8.386136
2025-02-15,8.386831
2025-02-16,8.387526
2025-02-17,8.388222
2025-02-18,8.388917
2025-02-19,8.389612
2025-02-20,8.390308
2025-02-21,8.391003
2025-02-22,8.391699
2025-02-23,8.392394
2025-02-24,8.39309
2025-02-25,8.393785
2025-02-26,8.394727
2025-02-27,8.395669
2025-02-28,8.39661
2025-03-01,8.397552
2025-03-02,8.398494
2025-03-03,8.399436
2025-03-04,8.400379
2025-03-05,8.401321
2025-03-06,8.402263
2025-03-07,8.403206
2025-03-08,8.404148
2025-03-09,8.405091
2025-03-10,8.406034
2025-03-11,8.406806
2025-03-12,8.407577
2025-03-13,8.408349
2025-03-14,8.409121
2025-03-15,8.409893
2025-03-16,8.410665
2025-03-17,8.411437
2025-03-18,8.412209
2025-03-19,8.412981
2025-03-20,8.413753
2025-03-21,8.414525
2025-03-22,8.415298
2025-03-23,8.41607
2025-03-24,8.416843
2025-03-25,8.417615
2025-03-26,8.418335
2025-03-27,8.419055
2025-03-28,8.419774
2025-03-29,8.420494
2025-03-30,8.421214
2025-03-31,8.421934
2025-04-01,8.422654
2025-04-02,8.423374
2025-04-03,8.424094
2025-04-04,8.424814
2025-04-05,8.425534
2025-04-06,8.426255
2025-04-07,8.426975
2025-04-08,8.427695
2025-04-09,8.428416
2025-04-10,8.429136
2025-04-11,8.43034
2025-04-12,8.431543
2025-04-13,8.432747
2025-04-14,8.433951
2025-04-15,8.435155
2025-04-16,8.436359
2025-04-17,8.437564
2025-04-18,8.438769
2025-04-19,8.439973
2025-04-20,8.441178
2025-04-21,8.442383
2025-04-22,8.443589
2025-04-23,8.444794
2025-04-24,8.446
2025-04-25,8.447206
2025-04-26,8.447909
2025-04-27,8.448612
2025-04-28,8.449315
2025-04-29,8.450018
2025-04-30,8.450721
2025-05-01,8.451424
2025-05-02,8.452128
2025-05-03,8.452831
2025-05-04,8.453535
2025-05-05,8.454238
2025-05-06,8.454942
2025-05-07,8.455645
2025-05-08,8.456349
2025-05-09,8.457053
2025-05-10,8.457756
2025-05-11,8.458855
2025-05-12,8.459954
2025-05-13,8.461053
2025-05-14,8.462151
2025-05-15,8.463251
2025-05-16,8.46435
2025-05-17,8.465449
2025-05-18,8.466549
2025-05-19,8.467648
2025-05-20,8.468748
2025-05-21,8.469848
2025-05-22,8.470948
2025-05-23,8.472049
2025-05-24,8.473149
2025-05-25,8.474249
2025-05-26,8.474712
2025-05-27,8.475174
2025-05-28,8.475636
2025-05-29,8.476098
2025-05-30,8.476561
2025-05-31,8.477023
2025-06-01,8.477485
2025-06-02,8.477947
2025-06-03,8.47841
2025-06-04,8.478872
2025-06-05,8.479335
2025-06-06,8.479797
2025-06-07,8.48026
2025-06-08,8.480722
2025-06-09,8.481185
2025-06-10,8.481647
2025-06-11,8.482729
2025-06-12,8.483812
2025-06-13,8.484895
2025-06-14,8.485977
2025-06-15,8.48706
2025-06-16,8.488144
2025-06-17,8.489227
2025-06-18,8.49031
2025-06-19,8.491394
2025-06-20,8.492477
2025-06-21,8.493561
2025-06-22,8.494645
2025-06-23,8.495729
2025-06-24,8.496813
2025-06-25,8.497898
2025-06-26,8.498487
2025-06-27,8.499077
2025-06-28,8.499667
2025-06-29,8.500257
2025-06-30,8.500847
2025-07-01,8.501438
2025-07-02,8.502028
2025-07-03,8.502618
2025-07-04,8.503208
2025-07-05,8.503798
2025-07-06,8.504389
2025-07-07,8.504979
2025-07-08,8.505569
2025-07-09,8.50616
2025-07-10,8.50675
2025-07-11,8.507667
2025-07-12,8.508584
2025-07-13,8.509501
2025-07-14,8.510419
2025-07-15,8.511336
2025-07-16,8.512253
2025-07-17,8.513171
2025-07-18,8.514089
2025-07-19,8.515006
2025-07-20,8.515924
2025-07-21,8.516842
2025-07-22,8.51776
2025-07-23,8.518678
2025-07-24,8.519596
2025-07-25,8.520515
2025-07-26,8.521318
2025-07-27,8.522121
2025-07-28,8.522924
2025-07-29,8.523727
2025-07-30,8.52453
2025-07-31,8.525333
2025-08-01,8.526136
